Song,,Constant,Level,Note Count,Difficulty,Song ID,Notes
Kaiju ni Naritai,怪獣になりたい,38.1,APD 38,2800,Append,671,help
Project SEKAI ULTIMATE Song Medley,プロセカULTIMATE楽曲メドレー,37.9,APD 37,5197,Append,675,help
YAMINABE!!!!!,ヤミナベ!!!!,37.8,37+,2015,Master,329,
JINSEI [Our Life],人生,37.7,37+,2242,Master,370,help
ARE YOU OK?,ダイジョブですか？,37.6,APD 37,2555,Append,487,
What's up? Pop!,What's up? Pop!,37.5,37,2362,Master,315,
MarbleBlue.,MarbleBlue.,37.5,APD 37,2500,Append,449,
Hatsune Kyousoukyoku Dai 01-ban 「Suisei」,初音狂奏曲第01番「彗惺」,37.5,APD 37,2586,Append,755,
Ogyarinizer,おぎゃりないざー,37.4,APD 37,2050,Append,486,
0.0000034,0.0000034,37.3,APD 37,2334,Append,691,
Anniversary High Difficulty Original Song Medley,周年記念高難易度書き下ろし楽曲メドレー,37.2,APD 37,4181,Append,676,
Nekuratune Circus,ネクラチューンサーカス,37.1,APD 37,2173,Append,668,
Memoria,メモリア,37.0,APD 37,2117,Append,488,
JOUOU,嬢王,36.9,APD 36,1972,Append,465,
Birthright Syndrome,生命性シンドロウム,36.7,APD 36,2357,Append,543,
THE END OF HATSUNE MIKU -Gekijouban-,初音ミクの消失−劇場版−,36.6,APD 36,1666,Append,709,
The Intense Voice of Hatsune Miku,初音ミクの激唱,36.6,APD 36,4500,Append,388,
Yuugen no Ran,幽玄ノ乱,36.6,APD 36,2206,Append,708,
Sanity Krush,SAN値直葬,36.5,APD 36,2060,Append,647,
Sage,Sage,36.4,APD 36,1812,Append,448,
the EmpErroR,the EmpErroR,36.3,36,1593,Master,163,
ANiMA,ANiMA,36.3,APD 36,1808,Append,745,
folern,folern,36.1,APD 35,1794,Append,447,
Chou Night of Knights,超ナイト・オブ・ナイツ,36.0,APD 36,1782,Append,622,
Don't Fight The Music,Don't Fight The Music,35.9,35+,1888,Master,164,
MASTER High Difficulty Song Medley,MASTER高難易度楽曲メドレー,35.9,35+,3638,Master,674,
MACHINEGUN POEM DOLL,マシンガンポエムドール,35.9,35+,1819,Master,176,
THE END OF HATSUNE MIKU,初音ミクの消失,35.6,35+,1666,Master,49,
Kusare-gedou and Chocolate,腐れ外道とチョコレゐト,35.6,35+,1763,Master,250,
End Mark ni Kibou to Namida wo soete,エンドマークに希望と涙を添えて,35.5,35,1948,Master,162,
Six Trillion Years and Overnight Story,六兆年と一夜物語,35.5,35,1288,Master,135,
Six Trillion Years and Overnight Story,六兆年と一夜物語,35.5,APD 35,1723,Append,135,
Kaiju ni Naritai,怪獣になりたい,35.4,35,1900,Master,671,
Brand New Day,Brand New Day,35.4,APD 35,1894,Append,128,
Chou Saishuu Kichiku Imouto Flandre S,超最終鬼畜妹フランドール・Ｓ,35.4,APD 35,1914,Append,503,
IMAWANOKIWA,IMAWANOKIWA,35.3,APD 35,1949,Append,584,
Yuugen no Ran,幽玄ノ乱,35.2,35,1410,Master,708,
CHAOS,CHAOS,35.0,APD 35,1651,Append,744,
The Intense Voice of Hatsune Miku,初音ミクの激唱,34.9,34+,1742,Master,131,
Ogyarinizer,おぎゃりないざー,34.7,34+,1637,Master,486,
Hatsune Kyousoukyoku Dai 01-ban 「Suisei」,初音狂奏曲第01番「彗惺」,34.7,34+,2025,Master,755,
Children Record,チルドレンレコード,34.6,APD 34,1627,Append,136,
Tokyo Teddy Bear,東京テディベア,34.6,APD 34,2024,Append,396,
ÅMARA(The Great Intelligence),ÅMARA(大未来電脳),34.5,34,1589,Master,285,
ARE YOU OK?,ダイジョブですか？,34.5,34,1674,Master,487,
Nekuratune Circus,ネクラチューンサーカス,34.5,34,1913,Master,668,
0.0000034,0.0000034,34.4,34,1934,Master,691,
HIBANA -Reloaded-,ヒバナ -Reloaded-,34.3,APD 34,1351,Append,6,
Tondemo-Wonderz,トンデモワンダーズ,34.2,APD 33,1631,Append,127,
Fusion,フュージョン,34.2,APD 34,1555,Append,555,
I am you,Iなんです,34.1,APD 33,1572,Append,304,
Kagerou Daze,カゲロウデイズ,34.1,APD 33,1915,Append,171,
Noda,のだ,34.1,APD 33,1346,Append,558,
Memoria,メモリア,34.0,34,1771,Master,488,
Protodisco,プロトディスコ,34.0,APD 34,1404,Append,561,
Cirno's Perfect Math Academy,チルノのパーフェクトさんすう学園,33.9,APD 33,1599,Append,624,
Hatsune Creation Myth,初音天地開闢神話,33.8,33+,2021,Master,186,
Konton Boogie,混沌ブギ,33.8,APD 33,1615,Append,499,
MarbleBlue.,MarbleBlue.,33.7,33+,1460,Master,449,
THE END OF HATSUNE MIKU -Gekijouban-,初音ミクの消失−劇場版−,33.7,33+,1221,Master,709,
Ángel,アンヘル,33.7,APD 33,1503,Append,562,
KILLER,キラー,33.7,APD 33,1267,Append,474,
ANiMA,ANiMA,33.6,33+,1248,Master,745,
Ghost Rule,ゴーストルール,33.6,33+,1473,Master,199,
TREASURE GARDEN,トレジャーガーデン,33.6,33+,1468,Master,686,
Our 16bit Wars,ぼくらの16bit戦争,33.6,33+,1521,Master,249,
ONESELF,ONESELF,33.6,APD 33,1406,Append,227,
DONUT HOLE 2024,ドーナツホール 2024,33.6,APD 33,1792,Append,220,
CHAOS,CHAOS,33.5,33,1464,Master,744,
snooze,snooze,33.5,APD 33,1429,Append,554,
Saitama 2000,さいたま2000,33.5,APD 33,1448,Append,707,
Lost One's Weeping,ロストワンの号哭,33.4,33,1157,Master,98,
NEO,NEO,33.4,APD 32,1365,Append,366,
Birthright Syndrome,生命性シンドロウム,33.3,33,1493,Master,543,
88☆彡,88☆彡,33.3,APD 32,1388,Append,224,
Pheles,フェレス,33.3,APD 31,1744,Append,291,
Chikyuu Saigo no Kokuhaku wo,地球最後の告白を,33.3,APD 32,1643,Append,154,
Internet Junk Junkie,Internet Junk Junkie,33.2,33,1341,Master,697,
JOUOU,嬢王,33.2,33,1456,Master,465,
Touhou☆Wonderland,とうほう☆ワンダーランド,33.2,APD 32,1488,Append,623,
Kibou no tsuki,幾望の月,33.2,APD 32,1273,Append,456,
Sanity Krush,SAN値直葬,33.1,33,1821,Master,647,
Planet Hero,プラネットヒーロー,33.1,33,1467,Master,588,
Chou Night of Knights,超ナイト・オブ・ナイツ,33.1,33,1403,Master,622,
Journey,Journey,33.1,APD 32,1765,Append,235,
Tenran no Ice Heaven,天藍のアイスヘヴン,33.0,33,1462,Master,732,
Accelerate,アクセラレイト,33.0,APD 32,1126,Append,583,
Non-breath oblige,ノンブレス・オブリージュ,33.0,APD 32,1287,Append,268,
HIBANA -Reloaded-,ヒバナ -Reloaded-,32.9,32+,1060,Master,6,
Haikei Doppelganger,拝啓ドッペルゲンガー,32.9,32+,1654,Master,175,
Sekai-Chan and Kafu-Chan's Otsukai Gassoukyoku,星界ちゃんと可不ちゃんのおつかい合騒曲,32.9,32+,1626,Master,328,
Brand New Day,Brand New Day,32.8,32+,1316,Master,128,
Brain Fluid Explosion Girl,脳漿炸裂ガール,32.8,32+,1500,Master,229,
Suicide Parade,スーサイドパレヱド,32.8,APD 32,1493,Append,606,
CIRCUS PANIC!!!,CIRCUS PANIC!!!,32.7,32+,1239,Master,408,
Setsuna Trip,セツナトリップ,32.7,32+,1370,Master,354,
Tondemo-Wonderz,トンデモワンダーズ,32.7,32+,1224,Master,127,
FUTURE EVE,フューチャー・イヴ,32.7,32+,1628,Master,273,
RAD DOGS,RAD DOGS,32.7,APD 32,1335,Append,101,
Ikiru,生きる,32.7,APD 32,1131,Append,644,
Invisible,インビジブル,32.6,32+,1436,Master,284,
Doctor=Funk Beat,ドクター＝ファンクビート,32.6,32+,1198,Master,28,
Senbonzakura,千本桜,32.6,32+,1257,Master,110,
"Help me, ERINNNNNN!!","Help me, ERINNNNNN!!",32.6,APD 32,1564,Append,502,
We Are Pico Pico Hammers!!!!!,ウィーアーピコピコハンマーズ!!!!,32.5,32,1416,Master,688,
Children Record,チルドレンレコード,32.5,32,1502,Master,136,
Heat abnormal,熱異常,32.5,32,1197,Master,451,
folern,folern,32.4,32,1486,Master,447,
IMAWANOKIWA,IMAWANOKIWA,32.4,32,1423,Master,584,
Sage,Sage,32.4,32,1352,Master,448,
Teo,テオ,32.4,32,1221,Master,3,
Telecaster b boy,テレキャスタービーボーイ,32.4,APD 31,1159,Append,134,
Odoryanse,おどりゃんせ,32.3,32,1303,Master,559,
Bitter Choco Decoration,ビターチョコデコレーション,32.3,32,1377,Master,129,
Manhattan,マンハッタン,32.3,32,1247,Master,590,
Opera! Space Opera!,オペラ！スペースオペラ！,32.3,APD 31,1403,Append,450,
bug,バグ,32.2,32,1343,Master,248,
fixer,フィクサー,32.2,32,1118,Master,183,
Outburst Dreamer Boys,厨病激発ボーイ,32.2,32,1355,Master,581,
Chou Saishuu Kichiku Imouto Flandre S,超最終鬼畜妹フランドール・Ｓ,32.2,32,1270,Master,503,
bug,バグ,32.2,APD 31,1490,Append,248,
Milk Crown on Sonechka,ミルククラウン・オン・ソーネチカ,32.2,APD 31,1495,Append,107,
Silver Collector,シルバーコレクター,32.1,32,1178,Master,496,
Protodisco,プロトディスコ,32.1,32,1057,Master,561,
Showtime Ruler,ショウタイム・ルーラー,32.1,APD 31,1163,Append,160,
snooze,snooze,32.0,32,1142,Master,554,
Kaiju ni Naritai,怪獣になりたい,32.0,32,1600,Expert,671,
hot wind,熱風,32.0,APD 31,1207,Append,489,
EGOIST,エゴイスト,31.9,31+,1548,Master,299,
junky nighttown orchestra,ジャンキーナイトタウンオーケストラ,31.9,31+,1374,Master,84,
Fräulein=библиотека,フロイライン＝ビブリォチカ,31.9,31+,1456,Master,251,
Positive☆Dance Time,ポジティブ☆ダンスタイム,31.9,31+,1154,Master,122,
Colorful Marine Snow,君色マリンスノウ,31.9,31+,1415,Master,206,
Law-evading Rock,脱法ロック,31.9,31+,1145,Master,21,
Stella,ステラ,31.9,APD 31,1553,Append,64,
SHOW OFF,てらてら,31.9,APD 31,1450,Append,257,
Ego rock,エゴロック,31.8,31+,1277,Master,225,
Alter Ego,オルターエゴ,31.8,31+,1557,Master,167,
Kagerou Daze,カゲロウデイズ,31.8,31+,1404,Master,171,
Greenlights Serenade,グリーンライツ・セレナーデ,31.8,31+,1174,Master,46,
Zunda Party Night,ずんだパーリナイ,31.8,31+,1522,Master,379,
ONLINE GAME ADDICTS SPRECHCHOR,ネトゲ廃人シュプレヒコール,31.8,31+,1463,Master,298,
Rule Book,ルルブ,31.8,31+,1296,Master,587,
BAKENOHANA,化けの花,31.8,31+,1003,Master,549,
Chikyuu Saigo no Kokuhaku wo,地球最後の告白を,31.8,31+,1164,Master,154,
Tokugawa Cupnoodle Prohibition,徳川カップヌードル禁止令,31.8,31+,1241,Master,234,
MACHINEGUN POEM DOLL,マシンガンポエムドール,31.8,31+,1730,Expert,176,
YAMINABE!!!!!,ヤミナベ!!!!,31.8,31+,1539,Expert,329,
Gehenna,ジェヘナ,31.8,APD 31,1633,Append,272,
KLY,一千光年,31.8,APD 31,1496,Append,439,
Senbonzakura,千本桜,31.8,APD 31,1230,Append,110,
Mr. Showtime,Mr. Showtime,31.7,31+,1497,Master,333,
Chururira Chururira Daddadda!,チュルリラ・チュルリラ・ダッダッダ！,31.7,31+,1401,Master,88,
Cirno's Perfect Math Academy,チルノのパーフェクトさんすう学園,31.7,31+,1199,Master,624,
Touhou☆Wonderland,とうほう☆ワンダーランド,31.7,31+,1086,Master,623,
TRASH and TRASH!,トラッシュ・アンド・トラッシュ！,31.7,31+,1181,Master,335,
Your Adventure Log Has Vanished!,ぼうけんのしょがきえました！,31.7,31+,1092,Master,78,
Mesmerizer,メズマライザー,31.7,31+,1451,Master,531,
syndrome,心泥夢(syndrome),31.7,31+,1383,Master,444,
Tokyo Teddy Bear,東京テディベア,31.7,31+,1449,Master,396,
My love is Hellfire,私の恋はヘルファイア,31.7,31+,1638,Master,301,
Denkoh Sekka,電光刹歌,31.7,31+,1472,Master,685,
End Mark ni Kibou to Namida wo soete,エンドマークに希望と涙を添えて,31.7,31+,1553,Expert,162,
Masquerade,Masquerade,31.7,APD 31,1282,Append,746,
D/N/A,D/N/A,31.6,31+,1276,Master,596,
Happy Halloween,Happy Halloween,31.6,31+,987,Master,172,
I know I know.,I know 愛脳.,31.6,31+,1119,Master,504,
imaginary love story,imaginary love story,31.6,31+,1214,Master,420,
Life Will Change,Life Will Change,31.6,31+,1118,Master,648,
Queen of Hearts,クイーンオブハート,31.6,31+,1212,Master,592,
Genten,げんてん,31.6,31+,1138,Master,669,
Showtime Ruler,ショウタイム・ルーラー,31.6,31+,1063,Master,160,
The peachy key,ももいろの鍵,31.6,31+,1187,Master,308,
Losstime Memory,ロスタイムメモリー,31.6,31+,1314,Master,750,
Ichiokunen Koi Shiteru,一億年恋してる,31.6,31+,1310,Master,795,
Hikyou Sentai Urotander,卑怯戦隊うろたんだー,31.6,31+,1148,Master,661,
The Gardener's Story,庭師のおはなしによると,31.6,31+,1185,Master,633,
SEIBAIITAAAAASU!,成敗いたAAAAAす！,31.6,31+,1199,Master,472,
Kimagure Mercy,気まぐれメルシィ,31.6,31+,1465,Master,281,
ARE YOU OK?,ダイジョブですか？,31.6,31+,1495,Expert,487,
Bad Apple!! feat.SEKAI,Bad Apple!! feat.SEKAI,31.6,APD 31,1328,Append,501,
Viva Happy,ビバハピ,31.6,APD 31,884,Append,11,
Pentatonic,ペンタトニック,31.6,APD 31,1288,Append,585,
Tonal Twinkle Tetrad,世界を照らすテトラッド,31.6,APD 30,1210,Append,411,
HERO,HERO,31.5,31,1278,Master,414,
I am you,Iなんです,31.5,31,1066,Master,304,
Vampire's ∞ pathoS,Vampire's ∞ pathoS,31.5,31,1100,Master,334,
Unhappy Refrain,アンハッピーリフレイン,31.5,31,1353,Master,288,
Medicine,イガク,31.5,31,1226,Master,515,
OKOCHAMA SENSO,おこちゃま戦争,31.5,31,1394,Master,307,
Play-With-Fire,ヒアソビ,31.5,31,1116,Master,433,
Fräulein=Ojousama,フロイライン＝オジョウサマ,31.5,31,1234,Master,714,
Poppin' Candy☆Fever!,ポッピンキャンディ☆フィーバー！,31.5,31,1323,Master,494,
Liar Dancer,ライアーダンサー,31.5,31,1224,Master,509,
Rollin Girl,ローリンガール,31.5,31,1396,Master,113,
Wanderlast,ワンダーラスト,31.5,31,1577,Master,711,
Angel's Clover,天使のクローバー,31.5,31,1235,Master,112,
Brain Revolution Girl,脳内革命ガール,31.5,31,1269,Master,344,
Music Like Magic!,魔法みたいなミュージック！,31.5,31,1271,Master,317,
the EmpErroR,the EmpErroR,31.5,31,1223,Expert,163,
What's up? Pop!,What's up? Pop!,31.5,31,1804,Expert,315,
JINSEI [Our Life],人生,31.5,31,1441,Expert,370,
Totemoitai Itagaritai,とても痛い痛がりたい,31.5,APD 30,1226,Append,94,
99 Glooms,99 Glooms,31.4,31,1347,Master,749,
Nyanyanyanyanyanyanya!,Nyanyanyanyanyanyanya!,31.4,31,1188,Master,713,
I Maker!,アイ・メイカー！,31.4,31,1255,Master,741,
Ángel,アンヘル,31.4,31,1187,Master,562,
Override,オーバーライド,31.4,31,1265,Master,521,
Gehenna,ジェヘナ,31.4,31,1253,Master,272,
Soudatta!!,そうだった！！,31.4,31,1297,Master,165,
We are Different !!! (or Same),ちがう!!!,31.4,31,1074,Master,475,
Tokimeki Jet Coaster,ときめきジェットコースター,31.4,31,1234,Master,428,
Theme of Niccori Survey Team,にっこり^^調査隊のテーマ,31.4,31,1195,Master,178,
Lower one's eyes,ロウワー,31.4,31,850,Master,187,
Rocket Cider,ロケットサイダー,31.4,31,1350,Master,665,
Teenager's Heartbeat,十六歳の心臓,31.4,31,1470,Master,468,
Butterfly on Your Right Shoulder,右肩の蝶,31.4,31,1315,Master,177,
Devil's Manner,悪魔の踊り方,31.4,31,938,Master,133,
shinjinrui,新人類,31.4,31,1298,Master,381,
Incomplete Anthem,未完成讃歌,31.4,31,1585,Master,254,
Seikai,正解,31.4,31,1210,Master,804,
Ogyarinizer,おぎゃりないざー,31.4,31,1387,Expert,486,
Hatsune Kyousoukyoku Dai 01-ban 「Suisei」,初音狂奏曲第01番「彗惺」,31.4,31,1581,Expert,755,
Flyway,Flyway,31.4,APD 30,1396,Append,310,
Kugutsu no Utsutsu,傀儡のうつつ,31.4,APD 30,892,Append,735,
limbo,limbo,31.3,31,958,Master,416,
Polar Star,Polar Star,31.3,31,1106,Master,610,
Kyu-kurarin,きゅうくらりん,31.3,31,1148,Master,361,
Cosmospice,コスモスパイス,31.3,31,1092,Master,233,
Suicide Parade,スーサイドパレヱド,31.3,31,1063,Master,606,
All I Need are Things I Like,すきなことだけでいいです,31.3,31,1223,Master,367,
Non-breath oblige,ノンブレス・オブリージュ,31.3,31,1203,Master,268,
Violence Trigger,バイオレンストリガー,31.3,31,1421,Master,703,
MORE! JUMP! MORE!,モア！ジャンプ！モア！,31.3,31,1257,Master,99,
Yankee Boy Yankee Girl,ヤンキーボーイ・ヤンキーガール,31.3,31,1087,Master,586,
Tonal Twinkle Tetrad,世界を照らすテトラッド,31.3,31,1072,Master,411,
Awaiting Clear Skies,霽れを待つ,31.3,31,1106,Master,97,
Mahou Shoujo Koufukuron,魔法少女幸福論,31.3,31,1115,Master,715,
Regulus,レグルス,31.3,APD 30,1268,Append,423,
Lower one's eyes,ロウワー,31.3,APD 30,1045,Append,187,
Additional Memory,アディショナルメモリー,31.2,31,1226,Master,751,
kitty,キティ,31.2,31,982,Master,353,
KILLER,キラー,31.2,31,1013,Master,474,
Parry,パリィ,31.2,31,1024,Master,553,
SAI LOVE JINSEI RUNNER,最愛人生ランナー,31.2,31,1217,Master,689,
Close to gray,限りなく灰色へ,31.2,31,849,Master,90,
Nekuratune Circus,ネクラチューンサーカス,31.2,31,1380,Expert,668,
JOUOU,嬢王,31.2,31,1266,Expert,465,
The Bubble Future,泡沫未来,31.2,APD 30,1070,Append,151,
ARQETYPE,ARQETYPE,31.1,31,951,Master,406,
Identity,アイデンティティ,31.1,31,1489,Master,231,
Accelerate,アクセラレイト,31.1,31,917,Master,583,
Abelia,アベリア,31.1,31,1238,Master,677,
Pulse of the Meteor,流星のパルス,31.1,31,1123,Master,173,
Kuronuri Sekai ate Shokan,黒塗り世界宛て書簡,31.1,31,1201,Master,704,
0.0000034,0.0000034,31.1,31,1634,Expert,691,
Hollow,虚ろを扇ぐ,31.1,APD 30,1233,Append,280,
Blackjack,Blackjack,31.0,31,1021,Master,542,
Memoria,メモリア,31.0,31,1637,Expert,488,
As You Like It,お気に召すまま,31.0,APD 30,1003,Append,106,
MORE! JUMP! MORE!,モア！ジャンプ！モア！,31.0,APD 30,1518,Append,99,
BRING IT ON,劣等上等,31.0,APD 30,939,Append,26,
Opera! Space Opera!,オペラ！スペースオペラ！,30.9,30+,1198,Master,450,
Salamander,サラマンダー,30.9,30+,1454,Master,230,
Parasol Cider,パラソルサイダー,30.9,30+,880,Master,264,
Hurray,フレー,30.9,30+,1328,Master,302,
Hated by Life,命に嫌われている,30.9,30+,979,Master,22,
WAVE,WAVE,30.9,APD 30,1029,Append,522,
Dramaturgy,ドラマツルギー,30.9,APD 30,931,Append,91,
Aoku Kakero!,青く駆けろ！,30.9,APD 30,1446,Append,93,
Disco No.39,Disco No.39,30.8,30+,1115,Master,399,
Glory Steady Go!,Glory Steady Go!,30.8,30+,875,Master,166,
Goodbye Declaration,グッバイ宣言,30.8,30+,1259,Master,198,
Sick of House!,しっくおぶはうす！,30.8,30+,1313,Master,185,
Blue Planet,ブループラネット,30.8,30+,1357,Master,357,
World's End Dancehall,ワールズエンド・ダンスホール,30.8,30+,1044,Master,119,
World Lampshade[reunion],ワールド・ランプシェード [reunion],30.8,30+,1155,Master,534,
BRING IT ON,劣等上等,30.8,30+,952,Master,26,
Yobanashi Deceive,夜咄ディセイブ,30.8,30+,1311,Master,81,
Empurple,エンパープル,30.8,APD 30,1126,Append,507,
Samsa,ザムザ,30.8,APD 30,1105,Append,300,
Uka,羽歌,30.8,APD 30,944,Append,740,
STAGE OF SEKAI,STAGE OF SEKAI,30.7,30+,1156,Master,159,
the WALL,the WALL,30.7,30+,1019,Master,259,
NEXT NEST,ネクストネスト,30.7,30+,1131,Master,43,
BURIKI NO DANCE,ブリキノダンス,30.7,30+,967,Master,38,
HAVEN,ヘイヴン,30.7,30+,977,Master,508,
Milk Crown on Sonechka,ミルククラウン・オン・ソーネチカ,30.7,30+,1226,Master,107,
Composing the Future,悔やむと書いてミライ,30.7,30+,973,Master,60,
Singing of a flower,花を唄う,30.7,30+,878,Master,137,
The Intense Voice of Hatsune Miku,初音ミクの激唱,30.7,30+,1520,Expert,131,
Flyer!,Flyer!,30.7,APD 30,1189,Append,182,
Integral,インテグラル,30.7,APD 29,1357,Append,424,
Wah Wah World,ワーワーワールド,30.7,APD 29,1170,Append,77,
magic number,magic number,30.6,30+,988,Master,161,
ONESELF,ONESELF,30.6,30+,1163,Master,227,
SnowMix♪,SnowMix♪,30.6,30+,1441,Master,327,
Voices,Voices,30.6,30+,1237,Master,236,
Unknown Mother-Goose,アンノウン・マザーグース,30.6,30+,1292,Master,115,
Eternal Aria,エターナルアリア,30.6,30+,1364,Master,364,
SHANTI,シャンティ,30.6,30+,1187,Master,276,
Stardust Medley,スターダストメドレー,30.6,30+,1366,Master,380,
Stella,ステラ,30.6,30+,1190,Master,64,
Dance Robot Dance,ダンスロボットダンス,30.6,30+,1057,Master,68,
Vocalo-Colosseum,ぼかろころしあむ,30.6,30+,870,Master,692,
Miracle Paint,ミラクルペイント,30.6,30+,1437,Master,36,
Lavie,ラヴィ,30.6,30+,1281,Master,723,
Last Score,ラストスコア,30.6,30+,1190,Master,197,
Shoujo A,少女A,30.6,30+,1312,Master,666,
Stardust Utopia,星屑ユートピア,30.6,30+,1308,Master,261,
Shama,紗痲,30.6,30+,1192,Master,620,
Ura-Omote Lovers,裏表ラバーズ,30.6,30+,1151,Master,114,
Don't Fight The Music,Don't Fight The Music,30.6,30+,1545,Expert,164,
DAYBREAK FRONTLINE,DAYBREAK FRONTLINE,30.6,APD 29,1352,Append,253,
Yoidore Shirazu,酔いどれ知らず,30.6,APD 29,1120,Append,441,
KING,KING,30.5,30,1251,Master,138,
O-Barcode,オーバーコード,30.5,30,1253,Master,446,
All-Save Challenge,オールセーブチャレンジ,30.5,30,918,Master,538,
Hikari no Atsumekata,ひかりのあつめかた,30.5,30,1127,Master,757,
Pheles,フェレス,30.5,30,1397,Master,291,
BLOOD DOLL,ブラッドドール,30.5,30,1058,Master,656,
Rainy Snowdrop,レイニースノードロップ,30.5,30,1495,Master,283,
Synthesize You,合成するミライ,30.5,30,1094,Master,512,
Kimi ga Tobioriru no Nara,君が飛び降りるのならば,30.5,30,1224,Master,641,
Chu! Future☆Express!,,30.5,30,1287,Master,701,
YY,YY,30.5,APD 29,1249,Append,266,
TOKIO FUNKA,トキヲ・ファンカ,30.5,APD 29,997,Append,150,
"Help me, ERINNNNNN!!","Help me, ERINNNNNN!!",30.4,30,1318,Master,502,
RAD DOGS,RAD DOGS,30.4,30,1197,Master,101,
T-shi no Hanashi wo Shinjiru na,T氏の話を信じるな,30.4,30,1089,Master,727,
Attract Light,アトラクトライト,30.4,30,1455,Master,321,
Envy Cat Walk,エンヴィキャットウォーク,30.4,30,1222,Master,595,
Saitama 2000,さいたま2000,30.4,30,1021,Master,707,
Lose The Princess,さよならプリンセス,30.4,30,1131,Master,413,
Secret Seeker,シークレット・シーカー,30.4,30,1019,Master,569,
Jet Black,ジェットブラック,30.4,30,1337,Master,687,
Pentatonic,ペンタトニック,30.4,30,1103,Master,585,
Raspberry＊Monster,ラズベリー＊モンスター,30.4,30,1410,Master,705,
Lost Umbrella,ロストアンブレラ,30.4,30,926,Master,551,
Kimi ni Okuru Mirai,君に贈る未来,30.4,30,1195,Master,802,
Tensai Rock,天才ロック,30.4,30,1327,Master,631,
THE END OF HATSUNE MIKU,初音ミクの消失,30.4,30,1502,Expert,49,
Cinema,シネマ,30.4,APD 29,992,Append,126,
Ifuudoudou,威風堂々,30.4,APD 29,1269,Append,95,
Calc.,Calc.,30.3,30,1295,Master,243,
Decade,Decade,30.3,30,1057,Master,319,
Masquerade,Masquerade,30.3,30,1015,Master,746,
METEOR,METEOR,30.3,30,1323,Master,337,
Anti Sainou,アンチサイノウ,30.3,30,854,Master,788,
Antenna 39,アンテナ39,30.3,30,1139,Master,525,
"E? Ah,sou.",え？あぁ、そう。,30.3,30,1028,Master,437,
All in One,オールイン・ワン,30.3,30,1357,Master,760,
Kareshi no Jude,カレシのジュード,30.3,30,1271,Master,652,
Showtime×Audience,ショウタイム×オーディエンス,30.3,30,1220,Master,440,
SlowDowner,スロウダウナー,30.3,30,1418,Master,378,
DarlingDance,ダーリンダンス,30.3,30,912,Master,168,
Teammates,チームメイト,30.3,30,1090,Master,374,
SHOW OFF,てらてら,30.3,30,1262,Master,257,
Panda Hero,パンダヒーロー,30.3,30,1003,Master,566,
Fish and Tips,フィッシュアンドTips,30.3,30,1052,Master,626,
Fusion,フュージョン,30.3,30,1184,Master,555,
Star of Heaven,みかぼし,30.3,30,1114,Master,518,
Ruma,ルマ,30.3,30,1143,Master,601,
KLY,一千光年,30.3,30,1141,Master,439,
Hitomania,人マニア,30.3,30,1049,Master,664,
mousou aspartame,妄想アスパルテーム,30.3,30,1134,Master,544,
Selfish princess,我儘姫,30.3,30,1188,Master,376,
Starry Melancolia,星宙メランコリア,30.3,30,1166,Master,608,
Hikaku Shoukougun,比較症候群,30.3,30,1125,Master,712,
Eien Hanahadashii,永遠甚だしい,30.3,30,1116,Master,706,
The Bubble Future,泡沫未来,30.3,30,903,Master,151,
Konton Boogie,混沌ブギ,30.3,30,1189,Master,499,
Artifact,,30.3,30,1139,Master,694,
TETORIS,テトリス,30.3,APD 29,938,Append,627,
hug,はぐ,30.3,APD 29,983,Append,429,
Happy Synthesizer,ハッピーシンセサイザ,30.3,APD 29,1205,Append,10,
M@GICAL☆CURE! LOVE ♥ SHOT!,M@GICAL☆CURE! LOVE ♥ SHOT!,30.2,30,1215,Master,552,
SHIAWASE FOR YOU!,SHIAWASE FOR YOU!,30.2,30,961,Master,719,
Achikochi Date-san,あちこちデートさん,30.2,30,829,Master,516,
Alkali Rettousei,アルカリレットウセイ,30.2,30,1211,Master,726,
Explore,エクスプロウル,30.2,30,1102,Master,636,
Cute Na Kanojo,キュートなカノジョ,30.2,30,1208,Master,391,
CYBER PUNK DEAD BOY,サイバーパンクデッドボーイ,30.2,30,1014,Master,452,
Samsa,ザムザ,30.2,30,937,Master,300,
"Still, we never stop singing",それでも僕らは歌うことをやめない,30.2,30,814,Master,524,
Daidaidaidaidai Kirai,ダイダイダイダイダイキライ,30.2,30,875,Master,722,
Pamela,パメラ,30.2,30,1039,Master,653,
Piano × Forte × Scandal,ピアノ×フォルテ×スキャンダル,30.2,30,1142,Master,222,
White Happy,ホワイトハッピー,30.2,30,1044,Master,651,
MATORYOSHKA,マトリョシカ,30.2,30,1104,Master,221,
Relayouter,リレイアウター,30.2,30,1203,Master,435,
Rin-chan Now!,リンちゃんなう！,30.2,30,1409,Master,303,
Into The Night,夜に駆ける,30.2,30,1140,Master,139,
Doukaai,導火愛,30.2,30,963,Master,737,
Tokyo Summer Session,東京サマーセッション,30.2,30,1073,Master,621,
Transparent Elegy,透明エレジー,30.2,30,1058,Master,520,
folern,folern,30.2,30,1392,Expert,447,
Kusare-gedou and Chocolate,腐れ外道とチョコレゐト,30.2,30,1396,Expert,250,
Beyond the way,Beyond the way,30.2,APD 29,1017,Append,398,
Gimme more!,Gimme more!,30.2,APD 29,1183,Append,756,
IF,イフ,30.2,APD 29,1270,Append,211,
Coral,箱庭のコラル,30.2,APD 29,1220,Append,324,
Awake Now,Awake Now,30.1,30,884,Master,244,
Imasugu Rinne,いますぐ輪廻,30.1,30,940,Master,733,
The Vampire,ヴァンパイア,30.1,30,1299,Master,213,
Venus,ヴィーナス,30.1,30,1266,Master,663,
Cat Loving,キャットラビング,30.1,30,1053,Master,491,
Goodbye heaven,サヨナラ天国また来て地獄,30.1,30,864,Master,649,
Dameningenda!,だめにんげんだ!,30.1,30,976,Master,482,
Retainer Supplanting His Lord,下剋上,30.1,30,1245,Master,373,
"Maku o Orosou, Parade e",幕を下ろそう、パレードへ,30.1,30,875,Master,718,
spring storm,春嵐,30.1,30,1184,Master,392,
"Can't Defeat ""Take No Notice Boys""",難聴系男子が倒せない,30.1,30,1234,Master,341,
i DO what i WANT,,30.1,30,948,Master,657,
NAKAKAPAGPABAGABAG,,30.1,30,1124,Master,563,
Yuugen no Ran,幽玄ノ乱,30.1,30,1354,Expert,708,
ECHO,ECHO,30.1,APD 29,1102,Append,100,
MOTTO!!!,MOTTO!!!,30.1,APD 29,1225,Append,405,
Gunjo Sanka,群青讃歌,30.1,APD 29,1254,Append,141,
Mischievous Function,おちゃめ機能,30.0,30,1171,Master,480,
Noda,のだ,30.0,30,927,Master,558,
Waraetara Ee Yan!,笑えたらえーやん！,30.0,30,1090,Master,637,
Mahou Shoujo to Chocolate,魔法少女とチョコレゐト,30.0,30,930,Master,700,
MarbleBlue.,MarbleBlue.,30.0,30,1437,Expert,449,
Awake Now,Awake Now,30.0,APD 29,1049,Append,244,
Worldwide Wander,ワールドワイドワンダー,30.0,APD 29,817,Append,193,
YY,YY,29.9,29+,1175,Master,266,
Night Sky Patrol of Tomorrow,アスノヨゾラ哨戒班,29.9,29+,1208,Master,18,
Red Land Marker,レッドランドマーカー,29.9,29+,1105,Master,462,
Lost and Found,ロストエンファウンド,29.9,29+,1271,Master,226,
"Ah, It's A Wonderful Cat Life",嗚呼、素晴らしきニャン生,29.9,29+,1374,Master,346,
Good Weather,快晴,29.9,29+,1533,Master,323,
Sekai-Chan and Kafu-Chan's Otsukai Gassoukyoku,星界ちゃんと可不ちゃんのおつかい合騒曲,29.9,29+,1491,Expert,328,
Sympathy,Sympathy,29.9,APD 29,1043,Append,605,
Mikumiku Ni Shiteageru [Shiteyanyo],みくみくにしてあげる♪【してやんよ】,29.9,APD 29,1039,Append,124,
88☆彡,88☆彡,29.8,29+,1188,Master,224,
drop pop candy,drop pop candy,29.8,29+,902,Master,15,
PaⅢ.SENSATION,PaⅢ.SENSATION,29.8,29+,1244,Master,195,
Jack Pot Sad Girl,ジャックポットサッドガール,29.8,29+,767,Master,62,
Snowman,スノーマン,29.8,29+,1243,Master,343,
I want to be your heart,だれかの心臓になれたなら,29.8,29+,1044,Master,152,
Bocca della Verità,ボッカデラベリタ,29.8,29+,1119,Master,125,
The Snow White Princess is...,白い雪のプリンセスは,29.8,29+,1478,Master,355,
Six Trillion Years and Overnight Story,六兆年と一夜物語,29.8,29+,1099,Expert,135,
Be The MUSIC!,Be The MUSIC!,29.7,29+,1247,Master,336,
Hello Builder,Hello Builder,29.7,29+,997,Master,387,
SToRY,SToRY,29.7,29+,784,Master,574,
I'm Mine,アイムマイン,29.7,29+,1189,Master,368,
AttaKAITO,あったかいと,29.7,29+,1376,Master,271,
As You Like It,お気に召すまま,29.7,29+,988,Master,106,
Cendrillon 10th Anniversary,サンドリヨン 10th Anniversary,29.7,29+,913,Master,104,
Cinema,シネマ,29.7,29+,800,Master,126,
DONUT HOLE 2024,ドーナツホール 2024,29.7,29+,1328,Master,220,
Literary nonsense,ナンセンス文学,29.7,29+,1180,Master,158,
NIJIIRO STORIES,ニジイロストーリーズ,29.7,29+,1054,Master,103,
filament fever,フィラメントフィーバー,29.7,29+,952,Master,397,
phony,フォニイ,29.7,29+,1244,Master,277,
Marionette Dancer,マリオネットダンサー,29.7,29+,1030,Master,639,
Amanojaku,天ノ弱,29.7,29+,1131,Master,289,
Tengaku,天樂,29.7,29+,1554,Master,372,
Musunde Hiraite Rasetsu To Mukuro,結ンデ開イテ羅刹ト骸,29.7,29+,903,Master,567,
ROKI,ロキ,29.7,APD 28,1040,Append,2,
Bad ∞ End ∞ Night,Bad ∞ End ∞ Night,29.6,29+,1018,Master,278,
Bad Apple!! feat.SEKAI,Bad Apple!! feat.SEKAI,29.6,29+,1181,Master,501,
Booo!,Booo!,29.6,29+,860,Master,320,
DAYBREAK FRONTLINE,DAYBREAK FRONTLINE,29.6,29+,1179,Master,253,
Gimme×Gimme,Gimme×Gimme,29.6,29+,907,Master,83,
"Hello,world!","Hello,world!",29.6,29+,949,Master,184,
Henceforth,Henceforth,29.6,29+,1057,Master,484,
needLe,needLe,29.6,29+,1029,Master,63,
ODDS&ENDS,ODDS＆ENDS,29.6,29+,921,Master,117,
QUEEN,QUEEN,29.6,29+,1385,Master,506,
Ready Steady,Ready Steady,29.6,29+,667,Master,54,
Do not go,いかないで,29.6,29+,1173,Master,120,
villain,ヴィラン,29.6,29+,1154,Master,170,
Alien Alien,エイリアンエイリアン,29.6,29+,1361,Master,246,
Cutlery,カトラリー,29.6,29+,806,Master,111,
Call Boy,コールボーイ,29.6,29+,836,Master,505,
Sono Oto ga Narunara,その音が鳴るなら,29.6,29+,958,Master,546,
Bless Your Breath,ブレス・ユア・ブレス,29.6,29+,873,Master,72,
Venom,ベノム,29.6,29+,1138,Master,145,
merry-go-round,メリーゴーラウンド,29.6,29+,1024,Master,517,
Mozaik Role (Reloaded),モザイクロール (Reloaded),29.6,29+,876,Master,477,
ROKI,ロキ,29.6,29+,975,Master,2,
Wah Wah World,ワーワーワールド,29.6,29+,960,Master,77,
Yoshiwara Lament second edition,吉原ラメント 再来盤,29.6,29+,1108,Master,591,
Namo Naki Kakumei,名も無き革命,29.6,29+,1099,Master,359,
FAILURE GIRL,失敗作少女,29.6,29+,986,Master,510,
Kibou no tsuki,幾望の月,29.6,29+,998,Master,456,
Hoshizora Orchestra,星空オーケストラ,29.6,29+,1159,Master,282,
God-ish,神っぽいな,29.6,29+,1162,Master,385,
Shuuen Touhikou,終焉逃避行,29.6,29+,816,Master,547,
Odo,踊,29.6,29+,1083,Master,205,
「１」,「１」,29.6,APD 28,1001,Append,132,
Fire◎Flower (Rerec),Fire◎Flower (Rerec),29.5,29,863,Master,536,
Journey,Journey,29.5,29,1322,Master,235,
Becoming Potatoes,potatoになっていく,29.5,29,863,Master,52,
AI,アイ,29.5,29,959,Master,616,
Cantarella,カンタレラ,29.5,29,1063,Master,296,
City Lights,シティライツ,29.5,29,943,Master,791,
"Even so, It's OK",それでもいいんだよ,29.5,29,1009,Master,274,
Viva Happy,ビバハピ,29.5,29,722,Master,11,
Marshmary,マシュマリー,29.5,29,1303,Master,157,
Main Character,メインキャラクター,29.5,29,1043,Master,541,
Lapse,ラプス,29.5,29,1081,Master,758,
lily-lala,リリィララ,29.5,29,903,Master,655,
Regulus,レグルス,29.5,29,1014,Master,423,
Kugutsu no Utsutsu,傀儡のうつつ,29.5,29,888,Master,735,
Kiss the Villain,悪役にキスシーンを,29.5,29,1188,Master,377,
Moonlight,月光,29.5,29,1159,Master,239,
HANAOBORE,花溺れ,29.5,29,895,Master,557,
Transparent Palette,透明なパレット,29.5,29,1027,Master,646,
Birthright Syndrome,生命性シンドロウム,29.5,29,1299,Expert,543,
Our True Story,ありのままのストーリーを,29.5,APD 28,1178,Append,635,
Charles,シャルル,29.5,APD 28,1000,Append,19,
Beat Eater,Beat Eater,29.4,29,798,Master,156,
DREAM PLACE,DREAM PLACE,29.4,29,1172,Master,252,
Leia - Remind,Leia - Remind,29.4,29,1155,Master,85,
Newly Edgy Idols,アイドル新鋭隊,29.4,29,940,Master,57,
AI no UTA,あいのうた,29.4,29,1064,Master,467,
Colorful Foundation,カラフルファンデーション,29.4,29,1091,Master,683,
This Silly Wonderful World Exists For Me,このふざけた素晴らしき世界は、僕の為にある,29.4,29,1093,Master,625,
Super Hero,スーパーヒーロー,29.4,29,909,Master,495,
The World Hasn't Even Started Yet,セカイはまだ始まってすらいない,29.4,29,1027,Master,51,
(Not) A Devil,デビルじゃないもん,29.4,29,879,Master,412,
De Los Santos,デロスサントス,29.4,29,936,Master,794,
Hao,ハオ,29.4,29,1202,Master,724,
Propose,プロポーズ,29.4,29,1116,Master,734,
Melt,メルト,29.4,29,1586,Master,47,
Monitoring,モニタリング,29.4,29,973,Master,628,
Realize,リアライズ,29.4,29,851,Master,356,
KISARAGI ATTENTION,如月アテンション,29.4,29,1155,Master,511,
Evil Food Eater Conchita,悪食娘コンチータ,29.4,29,851,Master,349,
Cellphone Love Story,携帯恋話,29.4,29,1131,Master,61,
Deep sea city under ground,深海シティアンダーグラウンド,29.4,29,1162,Master,645,
At God's Mercy,神のまにまに,29.4,29,1111,Master,201,
Kuusou Forest,空想フォレスト,29.4,29,925,Master,753,
Hanamusubi,花結び,29.4,29,1106,Master,695,
Kusari no Shoujo -Re Alive-,鎖の少女-Re Alive-,29.4,29,1029,Master,698,
ANiMA,ANiMA,29.4,29,1059,Expert,745,
Fragile,フラジール,29.4,APD 28,999,Append,69,
39,39,29.3,29,1339,Master,331,
"*Hello, Planet",＊ハロー、プラネット。,29.3,29,1076,Master,118,
About me,About me,29.3,29,1011,Master,643,
Flyer!,Flyer!,29.3,29,1083,Master,182,
FUN!!,FUN!!,29.3,29,744,Master,575,
Miku,Miku,29.3,29,1106,Master,153,
p.h.,p.h.,29.3,29,872,Master,297,
Anata Shika Mienai no,あなたしか見えないの,29.3,29,972,Master,682,
Otsukimi Recital,オツキミリサイタル,29.3,29,1104,Master,764,
Kuu Ni Naru,くうになる,29.3,29,945,Master,417,
Star Night Snow,スターナイトスノウ,29.3,29,914,Master,614,
Telecaster b boy,テレキャスタービーボーイ,29.3,29,898,Master,134,
It was a very nice June,とても素敵な六月でした,29.3,29,1491,Master,340,
Dramaturgy,ドラマツルギー,29.3,29,862,Master,91,
Hashiru! Tooku! Todoku!,はしる! とおく! とどく!,29.3,29,957,Master,498,
FUEL,フューエル,29.3,29,930,Master,478,
Love Ka?,ラブカ？,29.3,29,878,Master,260,
Luka Luka★Night Fever,ルカルカ★ナイトフィーバー,29.3,29,1311,Master,216,
The World is Mine,ワールドイズマイン,29.3,29,1417,Master,48,
nisemononingen40gou,偽物人間40号,29.3,29,823,Master,571,
Hikari,光,29.3,29,853,Master,754,
Love! Snow! Really Magic,好き！雪！本気マジック,29.3,29,1060,Master,611,
"A Glimmer, 1/f fluctuation",幽光、1/fのゆらめき,29.3,29,877,Master,427,
hot wind,熱風,29.3,29,925,Master,489,
Mx.Nihil,虚無さん,29.3,29,899,Master,540,
Reincarnation Apple,転生林檎,29.3,29,879,Master,533,
Touka Suru Ondo,透過する温度,29.3,29,754,Master,716,
Aun no Beats,阿吽のビーツ,29.3,29,918,Master,245,
Beat Eater,Beat Eater,29.3,APD 28,852,Append,156,
SEKAI,セカイ,29.3,APD 28,945,Append,76,
Double Lariat,ダブルラリアット,29.3,APD 28,1207,Append,256,
Blue Star,Blue Star,29.2,29,1163,Master,342,
CRASH THE PARTY,CRASH THE PARTY,29.2,29,1135,Master,679,
erase or zero,erase or zero,29.2,29,991,Master,693,
Flyway,Flyway,29.2,29,1088,Master,310,
Nostalogic,Nostalogic,29.2,29,985,Master,13,
Surges,Surges,29.2,29,1043,Master,632,
EYELID,アイリッド,29.2,29,960,Master,560,
Empurple,エンパープル,29.2,29,877,Master,507,
Odorobo,おどロボ,29.2,29,1339,Master,461,
Star,スター,29.2,29,889,Master,570,
Tobidase! Wandapyoi,とびだせ！わんだぴょい,29.2,29,1064,Master,660,
Dream Kiss,ドリーム・キス,29.2,29,795,Master,696,
Balleriko,バレリーコ,29.2,29,1115,Master,589,
Fire Dance,ファイアダンス,29.2,29,680,Master,576,
manimani,まにまに,29.2,29,1014,Master,401,
Musekinin Shuugoutai,㋰責任集合体,29.2,29,937,Master,667,
Remote Control,リモコン,29.2,29,1206,Master,146,
When First Love Ends,初めての恋が終わる時,29.2,29,995,Master,407,
Karma,,29.2,29,1015,Master,599,
Thousand Little Voices,,29.2,29,1072,Master,528,
THE END OF HATSUNE MIKU -Gekijouban-,初音ミクの消失−劇場版−,29.2,29,918,Expert,709,
Hand in Hand,Hand in Hand,29.2,APD 28,1020,Append,44,
FREELY TOMORROW,FREELY TOMORROW,29.1,29,1121,Master,313,
A Word,アコトバ,29.1,29,857,Master,483,
Electric Angel,えれくとりっく・えんじぇぅ,29.1,29,1176,Master,454,
TETORIS,テトリス,29.1,29,814,Master,627,
How-to Sekai Seifuku,ハウトゥー世界征服,29.1,29,935,Master,672,
hug,はぐ,29.1,29,983,Master,429,
Wakusei Loop,惑星ループ,29.1,29,1018,Master,690,
The sound about petals,花弁、それにまつわる音声,29.1,29,952,Master,638,
Osmanthus,金木犀,29.1,29,899,Master,418,
Rain and Petra,雨とペトラ,29.1,29,1206,Master,210,
FAKE HEART,,29.1,29,918,Master,514,
MikuFiesta,,29.1,29,1002,Master,479,
Sage,Sage,29.1,29,1259,Expert,448,
Heart Forecast,心予報,29.1,APD 28,1318,Append,188,
Wakusei Loop,惑星ループ,29.1,APD 28,1171,Append,690,
Cool Me Down,Cool Me Down,29.0,29,1250,Master,425,
NEO,NEO,29.0,29,988,Master,366,
UNDERWATER,UNDERWATER,29.0,29,1062,Master,363,
Aria,アリア,29.0,29,627,Master,720,
Marshall Maximizer,マーシャル・マキシマイザー,29.0,29,895,Master,410,
Ramune,ラムネ,29.0,29,1018,Master,702,
Just 1dB Louder,,29.0,29,792,Master,568,
sweety glitch,,29.0,29,1063,Master,371,
Kashika,仮死化,29.0,APD 28,1328,Append,267,
Irony,アイロニ,28.9,28+,943,Master,293,
kokoro,ココロ,28.9,28+,1090,Master,312,
My Palette is Full of You,パレットには君がいっぱい,28.9,28+,966,Master,214,
Tenshi no Tsubasa。,天使の翼。,28.9,28+,1340,Master,326,
Imperial Girl,帝国少女,28.9,28+,1178,Master,262,
Brand New Day,Brand New Day,28.9,28+,1260,Expert,128,
Hatsune Creation Myth,初音天地開闢神話,28.9,28+,1581,Expert,186,
KING,KING,28.9,APD 28,1388,Append,138,
Forward,Forward,28.8,28+,895,Master,55,
Supernova,Supernova,28.8,28+,890,Master,457,
Totemoitai Itagaritai,とても痛い痛がりたい,28.8,28+,915,Master,94,
Traffic jam,トラフィック・ジャム,28.8,28+,1089,Master,143,
Heart Forecast,心予報,28.8,28+,1060,Master,188,
We are the Stain Busters!,我らステインバスターズ！,28.8,28+,810,Master,400,
Twilight Light,トワイライトライト,28.8,APD 27,754,Append,384,
Bokuno Kamisama,ぼくのかみさま,28.8,APD 27,989,Append,548,
1925,1925,28.7,28+,1117,Master,306,
Color of Drops,Color of Drops,28.7,28+,918,Master,89,
Un-Lock,Un-Lock,28.7,28+,1096,Master,393,
Cat Food,キャットフード,28.7,28+,1107,Master,530,
Tricologe,トリコロージュ,28.7,28+,999,Master,203,
"Hello, SEKAI",ハローセカイ,28.7,28+,759,Master,578,
Hibikase,ヒビカセ,28.7,28+,1019,Master,109,
Fragile,フラジール,28.7,28+,1040,Master,69,
Mind Brand,マインドブランド,28.7,28+,1023,Master,473,
Otome Dissection,乙女解剖,28.7,28+,1002,Master,92,
It's just life,命ばっかり,28.7,28+,1092,Master,352,
Yuke,征け,28.7,28+,825,Master,600,
"Love Me, Love Me, Love Me",愛して愛して愛して,28.7,28+,1173,Master,181,
Weigh anchor,抜錨,28.7,28+,954,Master,458,
Dance orchestra,踊れオーケストラ,28.7,28+,1068,Master,240,
Hoshi wo Tsunagu,星を繋ぐ,28.7,APD 27,1035,Append,375,
Call!!,Call!!,28.6,28+,765,Master,594,
Peaky Peaky,Peaky Peaky,28.6,28+,855,Master,207,
purpose,purpose,28.6,28+,812,Master,383,
WAVE,WAVE,28.6,28+,837,Master,522,
Airhead,ガランド,28.6,28+,943,Master,200,
Kono Manma de Ikou,このまんまでいこう,28.6,28+,941,Master,642,
Judas,ジウダス,28.6,28+,898,Master,215,
TOKIO FUNKA,トキヲ・ファンカ,28.6,28+,859,Master,150,
One Sheep,ひつじがいっぴき,28.6,28+,1305,Master,316,
Worldwide Wander,ワールドワイドワンダー,28.6,28+,785,Master,193,
Ifuudoudou,威風堂々,28.6,28+,1166,Master,95,
Koufukukei,幸福刑,28.6,28+,907,Master,630,
Hidamari no Setsuna,陽だまりのセツナ,28.6,28+,1105,Master,314,
Can't Make A Song!!,,28.6,28+,1105,Master,459,
ÅMARA(The Great Intelligence),ÅMARA(大未来電脳),28.6,28+,1342,Expert,285,
Our 16bit Wars,ぼくらの16bit戦争,28.6,28+,1379,Expert,249,
Supernova,Supernova,28.6,APD 27,1016,Append,457,
CRAZY,CR詠ZY,28.5,28,728,Master,421,
Dear,Dear,28.5,28,1233,Master,390,
JUMPIN' OVER !,JUMPIN’ OVER !,28.5,28,863,Master,422,
Usseewa,うっせぇわ,28.5,28,1302,Master,204,
Tale of the Deep-sea Lily,ウミユリ海底譚,28.5,28,833,Master,75,
This is the Happiness and Peace of Mind Committee,こちら、幸福安心委員会です。,28.5,28,1096,Master,279,
Summertime Record,サマータイムレコード,28.5,28,1404,Master,395,
Smile Symphony,スマイル*シンフォニー,28.5,28,667,Master,577,
Getting Faster and Faster,だんだん早くなる,28.5,28,918,Master,485,
Dreamer's Beat,ドリーマーズビート,28.5,28,772,Master,743,
Happy Synthesizer,ハッピーシンセサイザ,28.5,28,1136,Master,10,
Hedgehog,ヘッジホッグ,28.5,28,1133,Master,710,
Natsuyo No Uta,夏夜ノ唄,28.5,28,787,Master,519,
yomosugara kimi omou,夜もすがら君想ふ,28.5,28,1190,Master,255,
Shinpaku Pairing,心拍ペアリング,28.5,28,696,Master,382,
The Transient Apple Salesgirl,林檎売りの泡沫少女,28.5,28,1048,Master,443,
Becoming Pigs Yeah Yeah,豚になってyeah yeah,28.5,28,778,Master,325,
Last of Me,,28.5,28,1191,Master,598,
MONSTER,,28.5,28,1046,Master,640,
HIBANA -Reloaded-,ヒバナ -Reloaded-,28.5,28,808,Expert,6,
Shoujo Rei,少女レイ,28.5,APD 27,1300,Append,169,
"""Hmm,Ah,Ah.""",『んっあっあっ。』,28.4,28,1071,Master,430,
Saika,Saika,28.4,28,987,Master,748,
shake it!,shake it!,28.4,28,985,Master,550,
Unpoison,Unpoison,28.4,28,897,Master,527,
IDSMILE,アイディスマイル,28.4,28,1247,Master,116,
Anti you,アンチユー,28.4,28,820,Master,582,
Integral,インテグラル,28.4,28,868,Master,424,
The Future of Beginning,はじまりの未来,28.4,28,1111,Master,573,
Hanataba,ハナタバ,28.4,28,938,Master,759,
Bokuno Kamisama,ぼくのかみさま,28.4,28,876,Master,548,
Bottle Cake,ボトルケーキ,28.4,28,759,Master,394,
Mikumiku Ni Shiteageru [Shiteyanyo],みくみくにしてあげる♪【してやんよ】,28.4,28,939,Master,124,
Rumor,ルーマー,28.4,28,1015,Master,490,
Romeo & Cinderella,ロミオとシンデレラ,28.4,28,1035,Master,121,
Kashika,仮死化,28.4,28,1186,Master,267,
We're Still Underground,僕らまだアンダーグラウンド,28.4,28,1035,Master,208,
Kosho Yashiki Satsujin Jiken,古書屋敷殺人事件,28.4,28,974,Master,436,
Round off the Square Earth,四角い地球を丸くする,28.4,28,1097,Master,615,
"Tenbin, Yubisaki de Furete",天秤、指先で触れて,28.4,28,1012,Master,789,
Love Trial,恋愛裁判,28.4,28,1149,Master,87,
Yoidore Shirazu,酔いどれ知らず,28.4,28,1048,Master,441,
Before the Snow Melts.,雪がとける前に,28.4,28,773,Master,613,
New Worlds,,28.4,28,1201,Master,673,
Haikei Doppelganger,拝啓ドッペルゲンガー,28.4,28,1368,Expert,175,
Denkoh Sekka,電光刹歌,28.4,28,1086,Expert,685,
I'm Mine,アイムマイン,28.4,APD 26,1245,Append,368,
The Vampire,ヴァンパイア,28.4,APD 27,1433,Append,213,
39Music!,39みゅーじっく！,28.3,28,1039,Master,45,
Beyond the way,Beyond the way,28.3,28,900,Master,398,
CH4NGE,CH4NGE,28.3,28,1101,Master,513,
Change me,Change me,28.3,28,1247,Master,265,
Gimme more!,Gimme more!,28.3,28,834,Master,756,
LEADER,LEADER,28.3,28,940,Master,460,
ULTRA C,ULTRA C,28.3,28,769,Master,471,
That Summer Saturates,あの夏が飽和する。,28.3,28,789,Master,650,
culture,カルチャ,28.3,28,1037,Master,529,
DOKUZU,ド屑,28.3,28,817,Master,455,
Mirai,ミライ,28.3,28,1281,Master,180,
Step for a Crescent,三日月ステップ,28.3,28,969,Master,580,
The Tailor of Enbizaka,円尾坂の仕立屋,28.3,28,1007,Master,347,
Waltz of the Deceased,去り人達のワルツ,28.3,28,798,Master,192,
Pure Summer,夏に透明,28.3,28,788,Master,565,
Solar System Disco,太陽系デスコ,28.3,28,1188,Master,360,
Kyo-Fu All Back,強風オールバック,28.3,28,955,Master,432,
Clear and Serene,明鏡止水,28.3,28,938,Master,481,
Hoshi ni Ichiban Chikai Basho,星に一番近い場所,28.3,28,1073,Master,681,
Uka,羽歌,28.3,28,859,Master,740,
Kindokei,金時計,28.3,28,830,Master,678,
TREASURE GARDEN,トレジャーガーデン,28.3,28,1381,Expert,686,
Colorful Marine Snow,君色マリンスノウ,28.3,28,1339,Expert,206,
Chou Saishuu Kichiku Imouto Flandre S,超最終鬼畜妹フランドール・Ｓ,28.3,28,1175,Expert,503,
Goodbye Declaration,グッバイ宣言,28.3,APD 27,1233,Append,198,
8.32,8.32,28.2,28,832,Master,629,
Hand in Hand,Hand in Hand,28.2,28,1072,Master,44,
"Hello, Worker","Hello, Worker",28.2,28,918,Master,286,
Just Be Friends,Just Be Friends,28.2,28,989,Master,27,
Q,Q,28.2,28,998,Master,202,
Twilight Melody,Twilight Melody,28.2,28,1128,Master,445,
Our True Story,ありのままのストーリーを,28.2,28,938,Master,635,
"1, 2, FanClub",いーあるふぁんくらぶ,28.2,28,1002,Master,174,
Envy Baby,エンヴィーベイビー,28.2,28,1251,Master,402,
TEARS OF GARNET,ガーネットの涙,28.2,28,904,Master,466,
Resonance Between You and Me.,きみとぼくのレゾナンス,28.2,28,1115,Master,523,
Kyou mo harebare,きょうもハレバレ,28.2,28,1033,Master,493,
Patchwork Staccato,ツギハギスタッカート,28.2,28,861,Master,71,
paradichlorobenzene,パラジクロロベンゼン,28.2,28,1063,Master,275,
Fighter,ファイター,28.2,28,826,Master,684,
From Tokyo,フロムトーキョー,28.2,28,814,Master,130,
Lucky☆Orb,ラッキー☆オーブ,28.2,28,919,Master,415,
once upon a dream,ワンスアポンアドリーム,28.2,28,871,Master,105,
Jougen no Tsuki,上弦の月,28.2,28,791,Master,658,
Sekai no Arukikata,世界の歩き方,28.2,28,780,Master,739,
Voice of The Beam,光線歌,28.2,28,889,Master,634,
Uninterrupted Indigo,絶え間なく藍色,28.2,28,1089,Master,322,
ELECTRIC WEEKEND ZONE,,28.2,28,957,Master,602,
IMAWANOKIWA,IMAWANOKIWA,28.2,28,1256,Expert,584,
Internet Junk Junkie,Internet Junk Junkie,28.2,28,1105,Expert,697,
Invisible,インビジブル,28.2,28,1385,Expert,284,
Planet Hero,プラネットヒーロー,28.2,28,1128,Expert,588,
Tenran no Ice Heaven,天藍のアイスヘヴン,28.2,28,1228,Expert,732,
Tokyo Teddy Bear,東京テディベア,28.2,28,1172,Expert,396,
Do not go,いかないで,28.2,APD 27,1212,Append,120,
Kokuhaku,告白,28.2,APD 27,729,Append,662,
living millennium,1000年生きてる,28.1,28,757,Master,434,
Highlight,Highlight,28.1,28,690,Master,263,
Snow Fairy Story,Snow Fairy Story,28.1,28,902,Master,612,
Sympathy,Sympathy,28.1,28,860,Master,605,
Wonder Style,Wonder Style,28.1,28,1013,Master,362,
Worlders,Worlders,28.1,28,1060,Master,579,
saihate,サイハテ,28.1,28,999,Master,556,
Charles,シャルル,28.1,28,824,Master,19,
STROBE LAST,ストロボラスト,28.1,28,866,Master,305,
Hide and Seek,ハイドアンド・シーク,28.1,28,898,Master,438,
Lustrous,ラストラス,28.1,28,1331,Master,654,
Judgement of Corruption,悪徳のジャッジメント,28.1,28,983,Master,348,
Hoshi wo Tsunagu,星を繋ぐ,28.1,28,821,Master,375,
Sanity Krush,SAN値直葬,28.1,28,1365,Expert,647,
Brain Fluid Explosion Girl,脳漿炸裂ガール,28.1,28,1349,Expert,229,
Engeki,演劇,28.0,28,984,Master,345,
I'm the Rain,私は雨,28.0,28,918,Master,492,
Hananikaze,花に風,28.0,28,960,Master,537,
M@GICAL☆CURE! LOVE ♥ SHOT!,M@GICAL☆CURE! LOVE ♥ SHOT!,28.0,28,980,Expert,552,
kitty,キティ,28.0,28,982,Expert,353,
39Music!,39みゅーじっく！,28.0,APD 27,1039,Append,45,
once upon a dream,ワンスアポンアドリーム,28.0,APD 28,1054,Append,105,
icedrop,アイスドロップ,27.9,27+,802,Master,140,
Ghost City Tokyo,幽霊東京,27.9,27+,1053,Master,102,
Kagerou Daze,カゲロウデイズ,27.9,27+,1295,Expert,171,
Teo,テオ,27.9,27+,997,Expert,3,
FUTURE EVE,フューチャー・イヴ,27.9,27+,1462,Expert,273,
Chou Night of Knights,超ナイト・オブ・ナイツ,27.9,27+,1201,Expert,622,
Color of Drops,Color of Drops,27.9,APD 26,1028,Append,89,
Sweet Magic,スイートマジック,27.8,27+,1224,Master,41,
SEKAI,セカイ,27.8,27+,858,Master,76,
Roshin Yuukai (meltdown),炉心融解,27.8,27+,1167,Master,179,
SnowMix♪,SnowMix♪,27.8,27+,1321,Expert,327,
Greenlights Serenade,グリーンライツ・セレナーデ,27.8,27+,1034,Expert,46,
Children Record,チルドレンレコード,27.8,27+,1234,Expert,136,
Tondemo-Wonderz,トンデモワンダーズ,27.8,27+,1122,Expert,127,
NEXT NEST,ネクストネスト,27.8,27+,983,Expert,43,
Kimi ga Tobioriru no Nara,君が飛び降りるのならば,27.8,27+,970,Expert,641,
Time Machine,タイムマシン,27.7,27+,903,Master,8,
dreamin chuchu,どりーみんチュチュ,27.7,27+,1074,Master,123,
Pikkoon!!,ピッコーン！！,27.7,27+,1056,Master,790,
Melty Land Nightmare,メルティランドナイトメア,27.7,27+,959,Master,70,
Because You're Here,愛されなくても君がいる,27.7,27+,1075,Master,108,
Shinkai Shoujo,深海少女,27.7,27+,994,Master,258,
TSUGAIKOGARASHI,番凩,27.7,27+,892,Master,403,
Aoku Kakero!,青く駆けろ！,27.7,27+,1048,Master,93,
ARQETYPE,ARQETYPE,27.7,27+,827,Expert,406,
CIRCUS PANIC!!!,CIRCUS PANIC!!!,27.7,27+,1083,Expert,408,
We Are Pico Pico Hammers!!!!!,ウィーアーピコピコハンマーズ!!!!,27.7,27+,1125,Expert,688,
Odoryanse,おどりゃんせ,27.7,27+,1100,Expert,559,
Kyu-kurarin,きゅうくらりん,27.7,27+,1141,Expert,361,
Soudatta!!,そうだった！！,27.7,27+,1175,Expert,165,
Theme of Niccori Survey Team,にっこり^^調査隊のテーマ,27.7,27+,1026,Expert,178,
Rule Book,ルルブ,27.7,27+,1143,Expert,587,
syndrome,心泥夢(syndrome),27.7,27+,1221,Expert,444,
"1, 2, FanClub",いーあるふぁんくらぶ,27.7,APD 26,1015,Append,174,
alive,alive,27.6,27+,1016,Master,82,
blender,blender,27.6,27+,781,Master,404,
Connecting,Connecting,27.6,27+,792,Master,619,
Kirapipi☆Kirapika,キラピピ★キラピカ,27.6,27+,909,Master,386,
Black★Rock Shooter,ブラック★ロックシューター,27.6,27+,930,Master,238,
Float Planner,フロート・プランナー,27.6,27+,832,Master,295,
Layer Note,レイヤーノート,27.6,27+,679,Master,532,
DUNE,砂の惑星,27.6,27+,1062,Master,219,
blue paint,青色絵具,27.6,27+,1058,Master,232,
99 Glooms,99 Glooms,27.6,27+,1017,Expert,749,
OKOCHAMA SENSO,おこちゃま戦争,27.6,27+,1259,Expert,307,
Ghost Rule,ゴーストルール,27.6,27+,1174,Expert,199,
Setsuna Trip,セツナトリップ,27.6,27+,1275,Expert,354,
Doctor=Funk Beat,ドクター＝ファンクビート,27.6,27+,984,Expert,28,
TRASH and TRASH!,トラッシュ・アンド・トラッシュ！,27.6,27+,1022,Expert,335,
Fräulein=библиотека,フロイライン＝ビブリォチカ,27.6,27+,1222,Expert,251,
Manhattan,マンハッタン,27.6,27+,901,Expert,590,
Tokugawa Cupnoodle Prohibition,徳川カップヌードル禁止令,27.6,27+,1065,Expert,234,
SAI LOVE JINSEI RUNNER,最愛人生ランナー,27.6,27+,1039,Expert,689,
Brain Revolution Girl,脳内革命ガール,27.6,27+,1189,Expert,344,
DSCF,妄想感傷代償連盟,27.6,APD 26,1092,Append,194,
IF,イフ,27.5,27,1062,Master,211,
Karakuri Pierrot,からくりピエロ,27.5,27,1005,Master,147,
DO RE MI FA Rondo,ドレミファロンド ,27.5,27,961,Master,603,
Hello/How Are You?,ハロ／ハワユ,27.5,27,851,Master,66,
Lonely Universe,ロンリーユニバース,27.5,27,999,Master,269,
Thousand Year Solo,千年の独奏歌,27.5,27,906,Master,223,
Shoujo Rei,少女レイ,27.5,27,1400,Master,169,
Tabi ni Kaeru,旅に帰る,27.5,27,876,Master,742,
Sad Machine,,27.5,27,755,Master,609,
Unsung Melodies,,27.5,27,760,Master,419,
Vampire's ∞ pathoS,Vampire's ∞ pathoS,27.5,27,992,Expert,334,
Eternal Aria,エターナルアリア,27.5,27,1272,Expert,364,
Zunda Party Night,ずんだパーリナイ,27.5,27,1407,Expert,379,
Parry,パリィ,27.5,27,963,Expert,553,
Fräulein=Ojousama,フロイライン＝オジョウサマ,27.5,27,1130,Expert,714,
Losstime Memory,ロスタイムメモリー,27.5,27,997,Expert,750,
BAKENOHANA,化けの花,27.5,27,875,Expert,549,
Outburst Dreamer Boys,厨病激発ボーイ,27.5,27,1118,Expert,581,
Incomplete Anthem,未完成讃歌,27.5,27,1324,Expert,254,
Catch the Wave,Catch the Wave,27.4,27,739,Master,699,
Stardust Rain,スターダストレイン,27.4,27,827,Master,728,
Melancholic,メランコリック,27.4,27,1100,Master,369,
Lagtrain,ラグトレイン,27.4,27,920,Master,469,
DSCF,妄想感傷代償連盟,27.4,27,966,Master,194,
Starry sky melody,星空のメロディー,27.4,27,821,Master,212,
Gift from the Princess who Brought Sleep,眠らせ姫からの贈り物,27.4,27,1003,Master,350,
Coral,箱庭のコラル,27.4,27,983,Master,324,
Gunjo Sanka,群青讃歌,27.4,27,833,Master,141,
City,街,27.4,27,769,Master,217,
CHAOS,CHAOS,27.4,27,890,Expert,744,
ONESELF,ONESELF,27.4,27,1063,Expert,227,
Additional Memory,アディショナルメモリー,27.4,27,955,Expert,751,
Anti Sainou,アンチサイノウ,27.4,27,790,Expert,788,
Tokimeki Jet Coaster,ときめきジェットコースター,27.4,27,1016,Expert,428,
Violence Trigger,バイオレンストリガー,27.4,27,1277,Expert,703,
Play-With-Fire,ヒアソビ,27.4,27,1053,Expert,433,
Teenager's Heartbeat,十六歳の心臓,27.4,27,1162,Expert,468,
Angel's Clover,天使のクローバー,27.4,27,985,Expert,112,
shinjinrui,新人類,27.4,27,1285,Expert,381,
Heat abnormal,熱異常,27.4,27,978,Expert,451,
My love is Hellfire,私の恋はヘルファイア,27.4,27,1491,Expert,301,
IDSMILE,アイディスマイル,27.4,APD 26,1216,Append,116,
Blessing,Blessing,27.3,27,986,Master,50,
flos,flos,27.3,27,893,Master,431,
from Y to Y,from Y to Y,27.3,27,982,Master,96,
on the rocks,on the rocks,27.3,27,1004,Master,86,
Kokuhaku,告白,27.3,27,588,Master,662,
Blazing,烈火,27.3,27,948,Master,497,
We are,私は、私達は,27.3,27,918,Master,287,
KILLER,キラー,27.3,27,825,Expert,474,
Fusion,フュージョン,27.3,27,1056,Expert,555,
Tonal Twinkle Tetrad,世界を照らすテトラッド,27.3,27,850,Expert,411,
Tensai Rock,天才ロック,27.3,27,1148,Expert,631,
Seikai,正解,27.3,27,815,Expert,804,
「１」,「１」,27.2,27,814,Master,132,
Afterglow,Afterglow,27.2,27,844,Master,309,
On&On,On&On,27.2,27,859,Master,426,
Ribbon,Ribbon,27.2,27,641,Master,717,
Sharing The World,Sharing The World,27.2,27,1122,Master,318,
Aishiteita no ni,あいしていたのに,27.2,27,580,Master,721,
I~ya I~ya I~ya,い〜やい〜やい〜や,27.2,27,809,Master,670,
Strata de Machiawase,ストラタでまちあわせ,27.2,27,655,Master,738,
Noten,脳天,27.2,27,975,Master,545,
Hollow,虚ろを扇ぐ,27.2,27,1112,Master,280,
spring storm,春嵐,27.2,27,1095,Expert,392,
MOTTO!!!,MOTTO!!!,27.1,27,1067,Master,405,
SAIRAI,SAIRAI,27.1,27,727,Master,747,
Ayano no Koufuku Riron,アヤノの幸福理論,27.1,27,749,Master,752,
Eleventh,イレヴンス,27.1,27,699,Master,539,
Double Lariat,ダブルラリアット,27.1,27,1115,Master,256,
Torinokocity,トリノコシティ,27.1,27,852,Master,242,
Near,ニア,27.1,27,841,Master,73,
Poka Poka Planet,ぽかぽかの星,27.1,27,903,Master,617,
Love is War,恋は戦争,27.1,27,1262,Master,365,
The Servant of Evil,悪ノ召使,27.1,27,784,Master,191,
Ikiru,生きる,27.1,27,704,Master,644,
Embellish,飾って,27.1,27,520,Master,572,
Ángel,アンヘル,27.1,27,917,Expert,562,
CYBER PUNK DEAD BOY,サイバーパンクデッドボーイ,27.1,27,917,Expert,452,
Shadow Shadow,Shadow Shadow,27.0,27,783,Master,476,
Who?,Who?,27.0,27,847,Master,680,
The Light That Dwells Here,そこに在る、光。,27.0,27,408,Master,564,lowest note count ever
Heartbeat #0822,心拍数♯0822,27.0,27,843,Master,155,
The Daughter of Evil,悪ノ娘,27.0,27,784,Master,190,
Happy Halloween,Happy Halloween,27.0,APD 26,832,Append,172,
ray,ray,26.9,26+,1092,Master,148,
Kanadetomosusora,カナデトモスソラ,26.9,26+,703,Master,149,
Twilight Light,トワイライトライト,26.9,26+,619,Master,384,
Disco No.39,Disco No.39,26.9,26+,950,Expert,399,
Gimme×Gimme,Gimme×Gimme,26.9,26+,842,Expert,83,
Opera! Space Opera!,オペラ！スペースオペラ！,26.9,26+,986,Expert,450,
Saitama 2000,さいたま2000,26.9,26+,659,Expert,707,
Sick of House!,しっくおぶはうす！,26.9,26+,1107,Expert,185,
Jack Pot Sad Girl,ジャックポットサッドガール,26.9,26+,647,Expert,62,
Touhou☆Wonderland,とうほう☆ワンダーランド,26.9,26+,806,Expert,623,
fixer,フィクサー,26.9,26+,948,Expert,183,
Positive☆Dance Time,ポジティブ☆ダンスタイム,26.9,26+,965,Expert,122,
Lower one's eyes,ロウワー,26.9,26+,780,Expert,187,
Tell Your World,Tell Your World,26.9,APD 25,1353,Append,1,
Sweet Magic,スイートマジック,26.9,APD 25,1126,Append,41,
glow,glow,26.8,26+,987,Master,339,
Intergalactic Bound,Intergalactic Bound,26.8,26+,996,Master,464,
Kimi no Yoru wo Kure,君の夜をくれ,26.8,26+,662,Master,237,
Hitorinbo Envy,独りんぼエンヴィー,26.8,26+,589,Master,74,
I am you,Iなんです,26.8,26+,910,Expert,304,
EGOIST,エゴイスト,26.8,26+,1303,Expert,299,
junky nighttown orchestra,ジャンキーナイトタウンオーケストラ,26.8,26+,1070,Expert,84,
Stardust Medley,スターダストメドレー,26.8,26+,1215,Expert,380,
Chururira Chururira Daddadda!,チュルリラ・チュルリラ・ダッダッダ！,26.8,26+,1246,Expert,88,
Cirno's Perfect Math Academy,チルノのパーフェクトさんすう学園,26.8,26+,999,Expert,624,
Piano × Forte × Scandal,ピアノ×フォルテ×スキャンダル,26.8,26+,1042,Expert,222,
Fish and Tips,フィッシュアンドTips,26.8,26+,833,Expert,626,
Mesmerizer,メズマライザー,26.8,26+,1218,Expert,531,
MORE! JUMP! MORE!,モア！ジャンプ！モア！,26.8,26+,1011,Expert,99,
Rollin Girl,ローリンガール,26.8,26+,1156,Expert,113,
Lost One's Weeping,ロストワンの号哭,26.8,26+,947,Expert,98,
Wanderlast,ワンダーラスト,26.8,26+,1418,Expert,711,
Composing the Future,悔やむと書いてミライ,26.8,26+,815,Expert,60,
Lagtrain,ラグトレイン,26.8,APD 25,1038,Append,469,
Love material,アイノマテリアル,26.7,26+,814,Master,144,
Sorega Anata No Shiawase To Shitemo,それがあなたの幸せとしても,26.7,26+,814,Master,294,
Aioi,相生,26.7,26+,1232,Master,351,
88☆彡,88☆彡,26.7,26+,1088,Expert,224,
Be The MUSIC!,Be The MUSIC!,26.7,26+,1121,Expert,336,
HERO,HERO,26.7,26+,1194,Expert,414,
Mr. Showtime,Mr. Showtime,26.7,26+,1341,Expert,333,
RAD DOGS,RAD DOGS,26.7,26+,1067,Expert,101,
Unknown Mother-Goose,アンノウン・マザーグース,26.7,26+,1080,Expert,115,
Override,オーバーライド,26.7,26+,1004,Expert,521,
All I Need are Things I Like,すきなことだけでいいです,26.7,26+,1081,Expert,367,
We are Different !!! (or Same),ちがう!!!,26.7,26+,930,Expert,475,
bug,バグ,26.7,26+,1101,Expert,248,
Pheles,フェレス,26.7,26+,1374,Expert,291,
Evil Food Eater Conchita,悪食娘コンチータ,26.7,26+,791,Expert,349,
Ura-Omote Lovers,裏表ラバーズ,26.7,26+,1017,Expert,114,
glow,glow,26.7,APD 25,855,Append,339,
Nomad,ノマド,26.7,APD 25,531,Append,189,
Ichi Ni no San de,いちにのさんで,26.6,26+,715,Master,292,
Comet Galaxy,彗星ノ銀河,26.6,26+,699,Master,526,
Bloom in mud,泥中に咲く,26.6,26+,761,Master,270,
Plaything,,26.6,26+,807,Master,535,
Ten Thousand Stars,,26.6,26+,933,Master,453,
I know I know.,I know 愛脳.,26.6,26+,1016,Expert,504,
Nyanyanyanyanyanyanya!,Nyanyanyanyanyanyanya!,26.6,26+,1059,Expert,713,
All-Save Challenge,オールセーブチャレンジ,26.6,26+,795,Expert,538,
Alter Ego,オルターエゴ,26.6,26+,1175,Expert,167,
Kareshi no Jude,カレシのジュード,26.6,26+,1184,Expert,652,
Jet Black,ジェットブラック,26.6,26+,1052,Expert,687,
Non-breath oblige,ノンブレス・オブリージュ,26.6,26+,1071,Expert,268,
Hurray,フレー,26.6,26+,1067,Expert,302,
Venom,ベノム,26.6,26+,972,Expert,145,
Your Adventure Log Has Vanished!,ぼうけんのしょがきえました！,26.6,26+,951,Expert,78,
Poppin' Candy☆Fever!,ポッピンキャンディ☆フィーバー！,26.6,26+,1140,Expert,494,
White Happy,ホワイトハッピー,26.6,26+,939,Expert,651,
Milk Crown on Sonechka,ミルククラウン・オン・ソーネチカ,26.6,26+,1025,Expert,107,
The peachy key,ももいろの鍵,26.6,26+,1073,Expert,308,
Last Score,ラストスコア,26.6,26+,1050,Expert,197,
Relayouter,リレイアウター,26.6,26+,960,Expert,435,
World's End Dancehall,ワールズエンド・ダンスホール,26.6,26+,957,Expert,119,
Ichiokunen Koi Shiteru,一億年恋してる,26.6,26+,904,Expert,795,
Hated by Life,命に嫌われている,26.6,26+,756,Expert,22,
Awaiting Clear Skies,霽れを待つ,26.6,26+,974,Expert,97,
Kuronuri Sekai ate Shokan,黒塗り世界宛て書簡,26.6,26+,930,Expert,704,
Chu! Future☆Express!,,26.6,26+,1062,Expert,701,
ECHO,ECHO,26.5,26,805,Master,100,
Fondant Step,Fondant Step,26.5,26,904,Master,618,
Interviewer,インタビュア,26.5,26,1097,Master,330,
Sono E no Namae wa,その絵の名前は,26.5,26,555,Master,597,
Nomad,ノマド,26.5,26,592,Master,189,
Jishoumushoku,自傷無色,26.5,26,829,Master,67,
Life Will Change,Life Will Change,26.5,26,973,Expert,648,
T-shi no Hanashi wo Shinjiru na,T氏の話を信じるな,26.5,26,948,Expert,727,
I Maker!,アイ・メイカー！,26.5,26,1118,Expert,741,
Accelerate,アクセラレイト,26.5,26,810,Expert,583,
Unhappy Refrain,アンハッピーリフレイン,26.5,26,1137,Expert,288,
Envy Cat Walk,エンヴィキャットウォーク,26.5,26,932,Expert,595,
Silver Collector,シルバーコレクター,26.5,26,1113,Expert,496,
Dance Robot Dance,ダンスロボットダンス,26.5,26,927,Expert,68,
Marshmary,マシュマリー,26.5,26,1123,Expert,157,
merry-go-round,メリーゴーラウンド,26.5,26,874,Expert,517,
Lavie,ラヴィ,26.5,26,1080,Expert,723,
Red Land Marker,レッドランドマーカー,26.5,26,1018,Expert,462,
Rocket Cider,ロケットサイダー,26.5,26,1110,Expert,665,
Yobanashi Deceive,夜咄ディセイブ,26.5,26,1165,Expert,81,
Shama,紗痲,26.5,26,1088,Expert,620,
Law-evading Rock,脱法ロック,26.5,26,972,Expert,21,
Hanamusubi,花結び,26.5,26,989,Expert,695,
CrystalSnow,クリスタルスノウ,26.4,26,773,Master,593,
Hajimete no Oto,ハジメテノオト,26.4,26,639,Master,470,
Meru,メリュー,26.4,26,983,Master,218,
Dawn and Fireflies,夜明けと蛍,26.4,26,852,Master,311,
"Help me, ERINNNNNN!!","Help me, ERINNNNNN!!",26.4,26,1168,Expert,502,
snooze,snooze,26.4,26,961,Expert,554,
Surges,Surges,26.4,26,950,Expert,632,
Identity,アイデンティティ,26.4,26,1196,Expert,231,
Cute Na Kanojo,キュートなカノジョ,26.4,26,1006,Expert,391,
Genten,げんてん,26.4,26,1021,Expert,669,
Goodbye heaven,サヨナラ天国また来て地獄,26.4,26,723,Expert,649,
Suicide Parade,スーサイドパレヱド,26.4,26,918,Expert,606,
Stella,ステラ,26.4,26,955,Expert,64,
(Not) A Devil,デビルじゃないもん,26.4,26,854,Expert,412,
Blue Planet,ブループラネット,26.4,26,1287,Expert,357,
Devil's Manner,悪魔の踊り方,26.4,26,792,Expert,133,
Close to gray,限りなく灰色へ,26.4,26,818,Expert,90,
Mahou Shoujo Koufukuron,魔法少女幸福論,26.4,26,982,Expert,715,
Becoming Potatoes,potatoになっていく,26.4,APD 25,703,Append,52,
Dawn and Fireflies,夜明けと蛍,26.4,APD 25,717,Append,311,
Packaged,Packaged,26.3,26,839,Master,604,
Epilogue without you,エピローグに君はいない,26.3,26,625,Master,332,
Suresure,すれすれ,26.3,26,595,Master,442,
Happy Cheat Day,ハッピーチートデー,26.3,26,817,Master,463,
Metamo Re:born,メタモリボン,26.3,26,685,Master,209,
Reborn,再生,26.3,26,547,Master,142,
D/N/A,D/N/A,26.3,26,913,Expert,596,
Venus,ヴィーナス,26.3,26,1124,Expert,663,
Explore,エクスプロウル,26.3,26,1024,Expert,636,
Lose The Princess,さよならプリンセス,26.3,26,812,Expert,413,
Secret Seeker,シークレット・シーカー,26.3,26,894,Expert,569,
Dameningenda!,だめにんげんだ!,26.3,26,917,Expert,482,
HAVEN,ヘイヴン,26.3,26,875,Expert,508,
Liar Dancer,ライアーダンサー,26.3,26,892,Expert,509,
Ruma,ルマ,26.3,26,899,Expert,601,
Selfish princess,我儘姫,26.3,26,1040,Expert,376,
Osmanthus,金木犀,26.3,26,814,Expert,418,
Artifact,,26.3,26,1008,Expert,694,
Made to Order,オーダーメイド,26.2,26,601,Master,196,
kokoronashi,心做し,26.2,26,832,Master,358,
limbo,limbo,26.2,26,900,Expert,416,
O-Barcode,オーバーコード,26.2,26,1113,Expert,446,
Goodbye Declaration,グッバイ宣言,26.2,26,1017,Expert,198,
SlowDowner,スロウダウナー,26.2,26,1054,Expert,378,
Protodisco,プロトディスコ,26.2,26,913,Expert,561,
Marshall Maximizer,マーシャル・マキシマイザー,26.2,26,694,Expert,410,
Regulus,レグルス,26.2,26,949,Expert,423,
Hitomania,人マニア,26.2,26,1000,Expert,664,
Senbonzakura,千本桜,26.2,26,1000,Expert,110,
Starry Melancolia,星宙メランコリア,26.2,26,1004,Expert,608,
HANAOBORE,花溺れ,26.2,26,780,Expert,557,
Copycat,Copycat,26.1,26,997,Master,247,
Tell Your World,Tell Your World,26.1,26,1147,Master,1,
Where shall we go?,Where shall we go?,26.1,26,735,Master,338,
Rem,レム,26.1,26,537,Master,765,
Sora ni Menjite,空に免じて,26.1,26,539,Master,803,
"Still, we never stop singing",それでも僕らは歌うことをやめない,26.1,26,705,Expert,524,
Monitoring,モニタリング,26.1,26,901,Expert,628,
Kibou no tsuki,幾望の月,26.1,26,892,Expert,456,
The Gardener's Story,庭師のおはなしによると,26.1,26,1121,Expert,633,
Odo,踊,26.1,26,882,Expert,205,
i DO what i WANT,,26.1,26,751,Expert,657,
Kanadetomosusora,カナデトモスソラ,26.1,APD 24,1020,Append,149,
Goodbye,Goodbye,26.0,26,860,Master,228,
"Sky Passing Around, Moon Rabbit",回る空うさぎ,26.0,26,607,Master,607,
FAKE HEART,,26.0,26,778,Expert,514,
Passion at 25:00,25時の情熱,25.9,25+,725,Master,409,
Ichi Ni no San de,いちにのさんで,25.8,APD 24,791,Append,292,
Anata no Sora ga Naku no Nara,あなたの空が泣くのなら,25.6,25,682,Master,659,
Made to Order,オーダーメイド,25.6,APD 24,634,Append,196,
Yokanimotorete,余花にみとれて,25.5,25,613,Master,500,
Astronauts,アストロノーツ,25.3,25,523,Master,792,
About me,About me,25.0,25,863,Expert,643,
Bad ∞ End ∞ Night,Bad ∞ End ∞ Night,25.0,25,875,Expert,278,
Beat Eater,Beat Eater,25.0,25,772,Expert,156,
Beyond the way,Beyond the way,25.0,25,737,Expert,398,
Blackjack,Blackjack,25.0,25,921,Expert,542,
Blue Star,Blue Star,25.0,25,1046,Expert,342,
Booo!,Booo!,25.0,25,823,Expert,320,
Calc.,Calc.,25.0,25,1126,Expert,243,
Call!!,Call!!,25.0,25,549,Expert,594,
Cool Me Down,Cool Me Down,25.0,25,1159,Expert,425,
DAYBREAK FRONTLINE,DAYBREAK FRONTLINE,25.0,25,1102,Expert,253,
DREAM PLACE,DREAM PLACE,25.0,25,937,Expert,252,
drop pop candy,drop pop candy,25.0,25,773,Expert,15,
Fire◎Flower (Rerec),Fire◎Flower (Rerec),25.0,25,734,Expert,536,
FUN!!,FUN!!,25.0,25,622,Expert,575,
Glory Steady Go!,Glory Steady Go!,25.0,25,738,Expert,166,
Happy Halloween,Happy Halloween,25.0,25,827,Expert,172,
"Hello, Worker","Hello, Worker",25.0,25,773,Expert,286,
"Hello,world!","Hello,world!",25.0,25,900,Expert,184,
Henceforth,Henceforth,25.0,25,916,Expert,484,
imaginary love story,imaginary love story,25.0,25,1019,Expert,420,
Journey,Journey,25.0,25,1285,Expert,235,
KING,KING,25.0,25,1002,Expert,138,
Leia - Remind,Leia - Remind,25.0,25,970,Expert,85,
magic number,magic number,25.0,25,818,Expert,161,
Masquerade,Masquerade,25.0,25,868,Expert,746,
METEOR,METEOR,25.0,25,1160,Expert,337,
needLe,needLe,25.0,25,889,Expert,63,
NEO,NEO,25.0,25,939,Expert,366,
Peaky Peaky,Peaky Peaky,25.0,25,747,Expert,207,
QUEEN,QUEEN,25.0,25,1164,Expert,506,
Ready Steady,Ready Steady,25.0,25,564,Expert,54,
SHIAWASE FOR YOU!,SHIAWASE FOR YOU!,25.0,25,789,Expert,719,
STAGE OF SEKAI,STAGE OF SEKAI,25.0,25,1005,Expert,159,
SToRY,SToRY,25.0,25,705,Expert,574,
the WALL,the WALL,25.0,25,815,Expert,259,
Twilight Melody,Twilight Melody,25.0,25,943,Expert,445,
ULTRA C,ULTRA C,25.0,25,651,Expert,471,
Voices,Voices,25.0,25,1144,Expert,236,
YY,YY,25.0,25,976,Expert,266,
AI,アイ,25.0,25,821,Expert,616,
IDSMILE,アイディスマイル,25.0,25,985,Expert,116,
AI no UTA,あいのうた,25.0,25,950,Expert,467,
I'm Mine,アイムマイン,25.0,25,1058,Expert,368,
EYELID,アイリッド,25.0,25,813,Expert,560,
Night Sky Patrol of Tomorrow,アスノヨゾラ哨戒班,25.0,25,1073,Expert,18,
Attract Light,アトラクトライト,25.0,25,1295,Expert,321,
Anata Shika Mienai no,あなたしか見えないの,25.0,25,969,Expert,682,
Antenna 39,アンテナ39,25.0,25,1039,Expert,525,
Medicine,イガク,25.0,25,892,Expert,515,
Do not go,いかないで,25.0,25,977,Expert,120,
Imasugu Rinne,いますぐ輪廻,25.0,25,796,Expert,733,
The Vampire,ヴァンパイア,25.0,25,1029,Expert,213,
villain,ヴィラン,25.0,25,984,Expert,170,
"E? Ah,sou.",え？あぁ、そう。,25.0,25,838,Expert,437,
Alien Alien,エイリアンエイリアン,25.0,25,1208,Expert,246,
Ego rock,エゴロック,25.0,25,1041,Expert,225,
Otsukimi Recital,オツキミリサイタル,25.0,25,972,Expert,764,
TEARS OF GARNET,ガーネットの涙,25.0,25,774,Expert,466,
Cutlery,カトラリー,25.0,25,686,Expert,111,
culture,カルチャ,25.0,25,797,Expert,529,
Cat Loving,キャットラビング,25.0,25,934,Expert,491,
Queen of Hearts,クイーンオブハート,25.0,25,1189,Expert,592,
Call Boy,コールボーイ,25.0,25,809,Expert,505,
Cosmospice,コスモスパイス,25.0,25,849,Expert,233,
This Silly Wonderful World Exists For Me,このふざけた素晴らしき世界は、僕の為にある,25.0,25,946,Expert,625,
Kono Manma de Ikou,このまんまでいこう,25.0,25,738,Expert,642,
Samsa,ザムザ,25.0,25,779,Expert,300,
Salamander,サラマンダー,25.0,25,1186,Expert,230,
Cendrillon 10th Anniversary,サンドリヨン 10th Anniversary,25.0,25,735,Expert,104,
Judas,ジウダス,25.0,25,769,Expert,215,
Gehenna,ジェヘナ,25.0,25,1177,Expert,272,
SHANTI,シャンティ,25.0,25,942,Expert,276,
Showtime Ruler,ショウタイム・ルーラー,25.0,25,819,Expert,160,
Showtime×Audience,ショウタイム×オーディエンス,25.0,25,1091,Expert,440,
Super Hero,スーパーヒーロー,25.0,25,904,Expert,495,
Star,スター,25.0,25,799,Expert,570,
Star Night Snow,スターナイトスノウ,25.0,25,859,Expert,614,
Sono Oto ga Narunara,その音が鳴るなら,25.0,25,952,Expert,546,
DarlingDance,ダーリンダンス,25.0,25,824,Expert,168,
I want to be your heart,だれかの心臓になれたなら,25.0,25,811,Expert,152,
TETORIS,テトリス,25.0,25,653,Expert,627,
Telecaster b boy,テレキャスタービーボーイ,25.0,25,726,Expert,134,
DONUT HOLE 2024,ドーナツホール 2024,25.0,25,1046,Expert,220,
TOKIO FUNKA,トキヲ・ファンカ,25.0,25,780,Expert,150,
Dramaturgy,ドラマツルギー,25.0,25,747,Expert,91,
DOKUZU,ド屑,25.0,25,844,Expert,455,
Literary nonsense,ナンセンス文学,25.0,25,856,Expert,158,
NIJIIRO STORIES,ニジイロストーリーズ,25.0,25,881,Expert,103,
ONLINE GAME ADDICTS SPRECHCHOR,ネトゲ廃人シュプレヒコール,25.0,25,1156,Expert,298,
Noda,のだ,25.0,25,918,Expert,558,
Hao,ハオ,25.0,25,964,Expert,724,
Hashiru! Tooku! Todoku!,はしる! とおく! とどく!,25.0,25,742,Expert,498,
Hanataba,ハナタバ,25.0,25,894,Expert,759,
Pamela,パメラ,25.0,25,877,Expert,653,
Parasol Cider,パラソルサイダー,25.0,25,796,Expert,264,
My Palette is Full of You,パレットには君がいっぱい,25.0,25,900,Expert,214,
Balleriko,バレリーコ,25.0,25,965,Expert,589,
Bitter Choco Decoration,ビターチョコデコレーション,25.0,25,1059,Expert,129,
One Sheep,ひつじがいっぴき,25.0,25,1120,Expert,316,
Hibikase,ヒビカセ,25.0,25,898,Expert,109,
Fire Dance,ファイアダンス,25.0,25,606,Expert,576,
filament fever,フィラメントフィーバー,25.0,25,864,Expert,397,
FUEL,フューエル,25.0,25,698,Expert,478,
BLOOD DOLL,ブラッドドール,25.0,25,795,Expert,656,
BURIKI NO DANCE,ブリキノダンス,25.0,25,852,Expert,38,
Pentatonic,ペンタトニック,25.0,25,733,Expert,585,
Vocalo-Colosseum,ぼかろころしあむ,25.0,25,805,Expert,692,
Bocca della Verità,ボッカデラベリタ,25.0,25,884,Expert,125,
MATORYOSHKA,マトリョシカ,25.0,25,887,Expert,221,
manimani,まにまに,25.0,25,893,Expert,401,
Marionette Dancer,マリオネットダンサー,25.0,25,860,Expert,639,
Miracle Paint,ミラクルペイント,25.0,25,1300,Expert,36,
Main Character,メインキャラクター,25.0,25,951,Expert,541,
Melt,メルト,25.0,25,1363,Expert,47,
Yankee Boy Yankee Girl,ヤンキーボーイ・ヤンキーガール,25.0,25,903,Expert,586,
Raspberry＊Monster,ラズベリー＊モンスター,25.0,25,933,Expert,705,
Love Ka?,ラブカ？,25.0,25,710,Expert,260,
Ramune,ラムネ,25.0,25,951,Expert,702,
Realize,リアライズ,25.0,25,744,Expert,356,
Rin-chan Now!,リンちゃんなう！,25.0,25,1098,Expert,303,
Luka Luka★Night Fever,ルカルカ★ナイトフィーバー,25.0,25,950,Expert,216,
Rainy Snowdrop,レイニースノードロップ,25.0,25,1234,Expert,283,
Lost and Found,ロストエンファウンド,25.0,25,1082,Expert,226,
World Lampshade[reunion],ワールド・ランプシェード [reunion],25.0,25,895,Expert,534,
KLY,一千光年,25.0,25,941,Expert,439,
Step for a Crescent,三日月ステップ,25.0,25,891,Expert,580,
Retainer Supplanting His Lord,下剋上,25.0,25,1228,Expert,373,
nisemononingen40gou,偽物人間40号,25.0,25,775,Expert,571,
We're Still Underground,僕らまだアンダーグラウンド,25.0,25,920,Expert,208,
When First Love Ends,初めての恋が終わる時,25.0,25,822,Expert,407,
BRING IT ON,劣等上等,25.0,25,825,Expert,26,
Butterfly on Your Right Shoulder,右肩の蝶,25.0,25,1058,Expert,177,
Synthesize You,合成するミライ,25.0,25,969,Expert,512,
Yoshiwara Lament second edition,吉原ラメント 再来盤,25.0,25,1135,Expert,591,
It's just life,命ばっかり,25.0,25,1037,Expert,352,
Chikyuu Saigo no Kokuhaku wo,地球最後の告白を,25.0,25,884,Expert,154,
Into The Night,夜に駆ける,25.0,25,932,Expert,139,
Amanojaku,天ノ弱,25.0,25,982,Expert,289,
Tengaku,天樂,25.0,25,1396,Expert,372,
FAILURE GIRL,失敗作少女,25.0,25,805,Expert,510,
Love! Snow! Really Magic,好き！雪！本気マジック,25.0,25,828,Expert,611,
KISARAGI ATTENTION,如月アテンション,25.0,25,855,Expert,511,
mousou aspartame,妄想アスパルテーム,25.0,25,828,Expert,544,
Doukaai,導火愛,25.0,25,883,Expert,737,
"Maku o Orosou, Parade e",幕を下ろそう、パレードへ,25.0,25,861,Expert,718,
"A Glimmer, 1/f fluctuation",幽光、1/fのゆらめき,25.0,25,718,Expert,427,
Good Weather,快晴,25.0,25,1286,Expert,323,
Kiss the Villain,悪役にキスシーンを,25.0,25,998,Expert,377,
"Love Me, Love Me, Love Me",愛して愛して愛して,25.0,25,928,Expert,181,
SEIBAIITAAAAASU!,成敗いたAAAAAす！,25.0,25,1022,Expert,472,
Cellphone Love Story,携帯恋話,25.0,25,981,Expert,61,
Hoshi ni Ichiban Chikai Basho,星に一番近い場所,25.0,25,964,Expert,681,
Stardust Utopia,星屑ユートピア,25.0,25,1183,Expert,261,
Moonlight,月光,25.0,25,1058,Expert,239,
Kimagure Mercy,気まぐれメルシィ,25.0,25,1247,Expert,281,
Eien Hanahadashii,永遠甚だしい,25.0,25,930,Expert,706,
The Bubble Future,泡沫未来,25.0,25,750,Expert,151,
Pulse of the Meteor,流星のパルス,25.0,25,958,Expert,173,
Deep sea city under ground,深海シティアンダーグラウンド,25.0,25,872,Expert,645,
Konton Boogie,混沌ブギ,25.0,25,962,Expert,499,
God-ish,神っぽいな,25.0,25,1035,Expert,385,
At God's Mercy,神のまにまに,25.0,25,900,Expert,201,
Kuusou Forest,空想フォレスト,25.0,25,917,Expert,753,
Waraetara Ee Yan!,笑えたらえーやん！,25.0,25,878,Expert,637,
Shuuen Touhikou,終焉逃避行,25.0,25,721,Expert,547,
Singing of a flower,花を唄う,25.0,25,807,Expert,137,
Reincarnation Apple,転生林檎,25.0,25,851,Expert,533,
Transparent Elegy,透明エレジー,25.0,25,848,Expert,520,
Transparent Palette,透明なパレット,25.0,25,852,Expert,646,
"Can't Defeat ""Take No Notice Boys""",難聴系男子が倒せない,25.0,25,1028,Expert,341,
Rain and Petra,雨とペトラ,25.0,25,976,Expert,210,
Music Like Magic!,魔法みたいなミュージック！,25.0,25,1080,Expert,317,
Mahou Shoujo to Chocolate,魔法少女とチョコレゐト,25.0,25,797,Expert,700,
Can't Make A Song!!,,25.0,25,907,Expert,459,
Last of Me,,25.0,25,1084,Expert,598,
MikuFiesta,,25.0,25,867,Expert,479,
NAKAKAPAGPABAGABAG,,25.0,25,882,Expert,563,
sweety glitch,,25.0,25,894,Expert,371,
8.32,8.32,24.0,24,659,Expert,629,
"*Hello, Planet",31.5,24.0,24,931,Expert,118,
39,39,24.0,24,1139,Expert,331,
1925,1925,24.0,24,887,Expert,306,
"""Hmm,Ah,Ah.""",『んっあっあっ。』,24.0,24,742,Expert,430,
Awake Now,Awake Now,24.0,24,723,Expert,244,
Bad Apple!! feat.SEKAI,Bad Apple!! feat.SEKAI,24.0,24,883,Expert,501,
CH4NGE,CH4NGE,24.0,24,789,Expert,513,
CRASH THE PARTY,CRASH THE PARTY,24.0,24,818,Expert,679,
CRAZY,CR詠ZY,24.0,24,615,Expert,421,
Decade,Decade,24.0,24,839,Expert,319,
erase or zero,erase or zero,24.0,24,845,Expert,693,
Flyer!,Flyer!,24.0,24,861,Expert,182,
Flyway,Flyway,24.0,24,1011,Expert,310,
Forward,Forward,24.0,24,737,Expert,55,
FREELY TOMORROW,FREELY TOMORROW,24.0,24,905,Expert,313,
from Y to Y,from Y to Y,24.0,24,847,Expert,96,
Gimme more!,Gimme more!,24.0,24,721,Expert,756,
Hello Builder,Hello Builder,24.0,24,847,Expert,387,
JUMPIN' OVER !,JUMPIN’ OVER !,24.0,24,858,Expert,422,
LEADER,LEADER,24.0,24,763,Expert,460,
Miku,Miku,24.0,24,990,Expert,153,
ODDS&ENDS,ODDS＆ENDS,24.0,24,739,Expert,117,
p.h.,p.h.,24.0,24,739,Expert,297,
PaⅢ.SENSATION,PaⅢ.SENSATION,24.0,24,1032,Expert,195,
Polar Star,Polar Star,24.0,24,697,Expert,610,
Becoming Potatoes,potatoになっていく,24.0,24,721,Expert,52,
purpose,purpose,24.0,24,720,Expert,383,
Q,Q,24.0,24,907,Expert,202,
ray,ray,24.0,24,978,Expert,148,
Saika,Saika,24.0,24,875,Expert,748,
shake it!,shake it!,24.0,24,789,Expert,550,
Snow Fairy Story,Snow Fairy Story,24.0,24,912,Expert,612,
Supernova,Supernova,24.0,24,750,Expert,457,
Sympathy,Sympathy,24.0,24,723,Expert,605,
Un-Lock,Un-Lock,24.0,24,894,Expert,393,
UNDERWATER,UNDERWATER,24.0,24,971,Expert,363,
WAVE,WAVE,24.0,24,794,Expert,522,
Who?,Who?,24.0,24,687,Expert,680,
Wonder Style,Wonder Style,24.0,24,888,Expert,362,
Worlders,Worlders,24.0,24,924,Expert,579,
icedrop,アイスドロップ,24.0,24,704,Expert,140,
Newly Edgy Idols,アイドル新鋭隊,24.0,24,754,Expert,57,
A Word,アコトバ,24.0,24,664,Expert,483,
AttaKAITO,あったかいと,24.0,24,1026,Expert,271,
That Summer Saturates,あの夏が飽和する。,24.0,24,626,Expert,650,
Abelia,アベリア,24.0,24,865,Expert,677,
Our True Story,ありのままのストーリーを,24.0,24,892,Expert,635,
Alkali Rettousei,アルカリレットウセイ,24.0,24,854,Expert,726,
Anti you,アンチユー,24.0,24,610,Expert,582,
I~ya I~ya I~ya,い〜やい〜やい〜や,24.0,24,792,Expert,670,
"1, 2, FanClub",いーあるふぁんくらぶ,24.0,24,863,Expert,174,
Integral,インテグラル,24.0,24,868,Expert,424,
Usseewa,うっせぇわ,24.0,24,1035,Expert,204,
Electric Angel,えれくとりっく・えんじぇぅ,24.0,24,927,Expert,454,
Empurple,エンパープル,24.0,24,813,Expert,507,
All in One,オールイン・ワン,24.0,24,1029,Expert,760,
Mischievous Function,おちゃめ機能,24.0,24,933,Expert,480,
Odorobo,おどロボ,24.0,24,1266,Expert,461,
As You Like It,お気に召すまま,24.0,24,808,Expert,106,
Colorful Foundation,カラフルファンデーション,24.0,24,815,Expert,683,
Airhead,ガランド,24.0,24,761,Expert,200,
Cantarella,カンタレラ,24.0,24,870,Expert,296,
Resonance Between You and Me.,きみとぼくのレゾナンス,24.0,24,896,Expert,523,
Cat Food,キャットフード,24.0,24,895,Expert,530,
Kyou mo harebare,きょうもハレバレ,24.0,24,793,Expert,493,
Kuu Ni Naru,くうになる,24.0,24,769,Expert,417,
kokoro,ココロ,24.0,24,945,Expert,312,
This is the Happiness and Peace of Mind Committee,こちら、幸福安心委員会です。,24.0,24,898,Expert,279,
Summertime Record,サマータイムレコード,24.0,24,1107,Expert,395,
City Lights,シティライツ,24.0,24,649,Expert,791,
Cinema,シネマ,24.0,24,616,Expert,126,
Sweet Magic,スイートマジック,24.0,24,920,Expert,41,
Stardust Rain,スターダストレイン,24.0,24,671,Expert,728,
Snowman,スノーマン,24.0,24,1001,Expert,343,
Smile Symphony,スマイル*シンフォニー,24.0,24,594,Expert,577,
The World Hasn't Even Started Yet,セカイはまだ始まってすらいない,24.0,24,774,Expert,51,
"Even so, It's OK",それでもいいんだよ,24.0,24,897,Expert,274,
Daidaidaidaidai Kirai,ダイダイダイダイダイキライ,24.0,24,687,Expert,722,
Getting Faster and Faster,だんだん早くなる,24.0,24,851,Expert,485,
Teammates,チームメイト,24.0,24,803,Expert,374,
Patchwork Staccato,ツギハギスタッカート,24.0,24,854,Expert,71,
SHOW OFF,てらてら,24.0,24,1035,Expert,257,
De Los Santos,デロスサントス,24.0,24,763,Expert,794,
It was a very nice June,とても素敵な六月でした,24.0,24,1273,Expert,340,
Tobidase! Wandapyoi,とびだせ！わんだぴょい,24.0,24,788,Expert,660,
Traffic jam,トラフィック・ジャム,24.0,24,896,Expert,143,
Dreamer's Beat,ドリーマーズビート,24.0,24,670,Expert,743,
Dream Kiss,ドリーム・キス,24.0,24,515,Expert,696,
Tricologe,トリコロージュ,24.0,24,860,Expert,203,
Hide and Seek,ハイドアンド・シーク,24.0,24,764,Expert,438,
How-to Sekai Seifuku,ハウトゥー世界征服,24.0,24,803,Expert,672,
hug,はぐ,24.0,24,851,Expert,429,
The Future of Beginning,はじまりの未来,24.0,24,972,Expert,573,
Happy Synthesizer,ハッピーシンセサイザ,24.0,24,859,Expert,10,
paradichlorobenzene,パラジクロロベンゼン,24.0,24,916,Expert,275,
"Hello, SEKAI",ハローセカイ,24.0,24,621,Expert,578,
Panda Hero,パンダヒーロー,24.0,24,820,Expert,566,
Hikari no Atsumekata,ひかりのあつめかた,24.0,24,818,Expert,757,
Pikkoon!!,ピッコーン！！,24.0,24,752,Expert,790,
Viva Happy,ビバハピ,24.0,24,597,Expert,11,
phony,フォニイ,24.0,24,1064,Expert,277,
Fragile,フラジール,24.0,24,863,Expert,69,
Black★Rock Shooter,ブラック★ロックシューター,24.0,24,695,Expert,238,
Bless Your Breath,ブレス・ユア・ブレス,24.0,24,696,Expert,72,
Propose,プロポーズ,24.0,24,830,Expert,734,
From Tokyo,フロムトーキョー,24.0,24,640,Expert,130,
Hedgehog,ヘッジホッグ,24.0,24,837,Expert,710,
Bokuno Kamisama,ぼくのかみさま,24.0,24,792,Expert,548,
Bottle Cake,ボトルケーキ,24.0,24,640,Expert,394,
Mind Brand,マインドブランド,24.0,24,764,Expert,473,
Star of Heaven,みかぼし,24.0,24,984,Expert,518,
Mikumiku Ni Shiteageru [Shiteyanyo],みくみくにしてあげる♪【してやんよ】,24.0,24,739,Expert,124,
Mirai,ミライ,24.0,24,1017,Expert,180,
Musekinin Shuugoutai,㋰責任集合体,24.0,24,762,Expert,667,
Melancholic,メランコリック,24.0,24,917,Expert,369,
Melty Land Nightmare,メルティランドナイトメア,24.0,24,934,Expert,70,
Mozaik Role (Reloaded),モザイクロール (Reloaded),24.0,24,871,Expert,477,
Lucky☆Orb,ラッキー☆オーブ,24.0,24,802,Expert,415,
Lapse,ラプス,24.0,24,885,Expert,758,
Remote Control,リモコン,24.0,24,903,Expert,146,
lily-lala,リリィララ,24.0,24,810,Expert,655,
Rumor,ルーマー,24.0,24,863,Expert,490,
ROKI,ロキ,24.0,24,827,Expert,2,
Lost Umbrella,ロストアンブレラ,24.0,24,804,Expert,551,
Romeo & Cinderella,ロミオとシンデレラ,24.0,24,856,Expert,121,
The World is Mine,ワールドイズマイン,24.0,24,1248,Expert,48,
Worldwide Wander,ワールドワイドワンダー,24.0,24,626,Expert,193,
Wah Wah World,ワーワーワールド,24.0,24,789,Expert,77,
Jougen no Tsuki,上弦の月,24.0,24,599,Expert,658,
Otome Dissection,乙女解剖,24.0,24,834,Expert,92,
Kugutsu no Utsutsu,傀儡のうつつ,24.0,24,719,Expert,735,
Hikari,光,24.0,24,784,Expert,754,
Voice of The Beam,光線歌,24.0,24,700,Expert,634,
The Tailor of Enbizaka,円尾坂の仕立屋,24.0,24,842,Expert,347,
Hikyou Sentai Urotander,卑怯戦隊うろたんだー,24.0,24,1025,Expert,661,
Kosho Yashiki Satsujin Jiken,古書屋敷殺人事件,24.0,24,823,Expert,436,
Namo Naki Kakumei,名も無き革命,24.0,24,995,Expert,359,
Kimi ni Okuru Mirai,君に贈る未来,24.0,24,974,Expert,802,
"Ah, It's A Wonderful Cat Life",嗚呼、素晴らしきニャン生,24.0,24,1125,Expert,346,
Round off the Square Earth,四角い地球を丸くする,24.0,24,950,Expert,615,
Pure Summer,夏に透明,24.0,24,691,Expert,565,
yomosugara kimi omou,夜もすがら君想ふ,24.0,24,1004,Expert,255,
Tenshi no Tsubasa。,天使の翼。,24.0,24,1072,Expert,326,
"Tenbin, Yubisaki de Furete",天秤、指先で触れて,24.0,24,866,Expert,789,
Ifuudoudou,威風堂々,24.0,24,975,Expert,95,
Shoujo A,少女A,24.0,24,1265,Expert,666,
Shoujo Rei,少女レイ,24.0,24,1168,Expert,169,
Imperial Girl,帝国少女,24.0,24,962,Expert,262,
Ghost City Tokyo,幽霊東京,24.0,24,904,Expert,102,
Kyo-Fu All Back,強風オールバック,24.0,24,714,Expert,432,
Heart Forecast,心予報,24.0,24,909,Expert,188,
The Servant of Evil,悪ノ召使,24.0,24,609,Expert,191,
The Daughter of Evil,悪ノ娘,24.0,24,609,Expert,190,
Judgement of Corruption,悪徳のジャッジメント,24.0,24,777,Expert,348,
Wakusei Loop,惑星ループ,24.0,24,857,Expert,690,
We are the Stain Busters!,我らステインバスターズ！,24.0,24,797,Expert,400,
Weigh anchor,抜錨,24.0,24,831,Expert,458,
Hoshi wo Tsunagu,星を繋ぐ,24.0,24,753,Expert,375,
Starry sky melody,星空のメロディー,24.0,24,713,Expert,212,
Tokyo Summer Session,東京サマーセッション,24.0,24,892,Expert,621,
The Transient Apple Salesgirl,林檎売りの泡沫少女,24.0,24,1009,Expert,443,
Hikaku Shoukougun,比較症候群,24.0,24,889,Expert,712,
Engeki,演劇,24.0,24,983,Expert,345,
Roshin Yuukai (meltdown),炉心融解,24.0,24,998,Expert,179,
TSUGAIKOGARASHI,番凩,24.0,24,716,Expert,403,
The Snow White Princess is...,白い雪のプリンセスは,24.0,24,1273,Expert,355,
Gift from the Princess who Brought Sleep,眠らせ姫からの贈り物,24.0,24,904,Expert,350,
We are,私は、私達は,24.0,24,712,Expert,287,
I'm the Rain,私は雨,24.0,24,823,Expert,492,
Musunde Hiraite Rasetsu To Mukuro,結ンデ開イテ羅刹ト骸,24.0,24,826,Expert,567,
Uninterrupted Indigo,絶え間なく藍色,24.0,24,1002,Expert,322,
Gunjo Sanka,群青讃歌,24.0,24,711,Expert,141,
Hananikaze,花に風,24.0,24,755,Expert,537,
The sound about petals,花弁、それにまつわる音声,24.0,24,883,Expert,638,
Mx.Nihil,虚無さん,24.0,24,650,Expert,540,
Becoming Pigs Yeah Yeah,豚になってyeah yeah,24.0,24,705,Expert,325,
Dance orchestra,踊れオーケストラ,24.0,24,845,Expert,240,
Touka Suru Ondo,透過する温度,24.0,24,608,Expert,716,
Yoidore Shirazu,酔いどれ知らず,24.0,24,865,Expert,441,
Kindokei,金時計,24.0,24,747,Expert,678,
Kusari no Shoujo -Re Alive-,鎖の少女-Re Alive-,24.0,24,920,Expert,698,
Aoku Kakero!,青く駆けろ！,24.0,24,919,Expert,93,
blue paint,青色絵具,24.0,24,846,Expert,232,
ELECTRIC WEEKEND ZONE,,24.0,24,835,Expert,602,
Just 1db Louder,,24.0,24,628,Expert,568,
「１」,「１」,23.0,23,619,Expert,132,
living millennium,1000年生きてる,23.0,23,673,Expert,434,
39Music!,39みゅーじっく！,23.0,23,839,Expert,45,
Afterglow,Afterglow,23.0,23,727,Expert,309,
alive,alive,23.0,23,804,Expert,82,
blender,blender,23.0,23,812,Expert,404,
Blessing,Blessing,23.0,23,859,Expert,50,
Catch the Wave,Catch the Wave,23.0,23,739,Expert,699,
Change me,Change me,23.0,23,1019,Expert,265,
Color of Drops,Color of Drops,23.0,23,796,Expert,89,
Connecting,Connecting,23.0,23,616,Expert,619,
Copycat,Copycat,23.0,23,752,Expert,247,
Dear,Dear,23.0,23,1032,Expert,390,
ECHO,ECHO,23.0,23,659,Expert,100,
flos,flos,23.0,23,694,Expert,431,
Fondant Step,Fondant Step,23.0,23,679,Expert,618,
Goodbye,Goodbye,23.0,23,734,Expert,228,
Hand in Hand,Hand in Hand,23.0,23,809,Expert,44,
Highlight,Highlight,23.0,23,596,Expert,263,
Intergalactic Bound,Intergalactic Bound,23.0,23,918,Expert,464,
Just Be Friends,Just Be Friends,23.0,23,811,Expert,27,
MOTTO!!!,MOTTO!!!,23.0,23,881,Expert,405,
Nostalogic,Nostalogic,23.0,23,719,Expert,13,
on the rocks,on the rocks,23.0,23,857,Expert,86,
On&On,On&On,23.0,23,712,Expert,426,
Ribbon,Ribbon,23.0,23,598,Expert,717,
Shadow Shadow,Shadow Shadow,23.0,23,601,Expert,476,
Sharing The World,Sharing The World,23.0,23,937,Expert,318,
Unpoison,Unpoison,23.0,23,714,Expert,527,
Aishiteita no ni,あいしていたのに,23.0,23,550,Expert,721,
Irony,アイロニ,23.0,23,861,Expert,293,
Aria,アリア,23.0,23,544,Expert,720,
IF,イフ,23.0,23,845,Expert,211,
Eleventh,イレヴンス,23.0,23,677,Expert,539,
Interviewer,インタビュア,23.0,23,1006,Expert,330,
Tale of the Deep-sea Lily,ウミユリ海底譚,23.0,23,737,Expert,75,
Epilogue without you,エピローグに君はいない,23.0,23,596,Expert,332,
Envy Baby,エンヴィーベイビー,23.0,23,969,Expert,402,
Karakuri Pierrot,からくりピエロ,23.0,23,714,Expert,147,
Kirapipi☆Kirapika,キラピピ★キラピカ,23.0,23,909,Expert,386,
CrystalSnow,クリスタルスノウ,23.0,23,694,Expert,593,
saihate,サイハテ,23.0,23,840,Expert,556,
Charles,シャルル,23.0,23,701,Expert,19,
STROBE LAST,ストロボラスト,23.0,23,726,Expert,305,
Suresure,すれすれ,23.0,23,521,Expert,442,
SEKAI,セカイ,23.0,23,735,Expert,76,
Time Machine,タイムマシン,23.0,23,719,Expert,8,
Double Lariat,ダブルラリアット,23.0,23,936,Expert,256,
Totemoitai Itagaritai,とても痛い痛がりたい,23.0,23,817,Expert,94,
dreamin chuchu,どりーみんチュチュ,23.0,23,873,Expert,123,
Torinokocity,トリノコシティ,23.0,23,753,Expert,242,
DO RE MI FA Rondo,ドレミファロンド ,23.0,23,690,Expert,603,
Nomad,ノマド,23.0,23,515,Expert,189,
Hajimete no Oto,ハジメテノオト,23.0,23,539,Expert,470,
Happy Cheat Day,ハッピーチートデー,23.0,23,645,Expert,463,
Fighter,ファイター,23.0,23,641,Expert,684,
Float Planner,フロート・プランナー,23.0,23,685,Expert,295,
Poka Poka Planet,ぽかぽかの星,23.0,23,783,Expert,617,
Metamo Re:born,メタモリボン,23.0,23,580,Expert,209,
Lagtrain,ラグトレイン,23.0,23,705,Expert,469,
Lustrous,ラストラス,23.0,23,769,Expert,654,
Lonely Universe,ロンリーユニバース,23.0,23,781,Expert,269,
Sekai no Arukikata,世界の歩き方,23.0,23,683,Expert,739,
Kashika,仮死化,23.0,23,1019,Expert,267,
Thousand Year Solo,千年の独奏歌,23.0,23,791,Expert,223,
Waltz of the Deceased,去り人達のワルツ,23.0,23,672,Expert,192,
Natsuyo No Uta,夏夜ノ唄,23.0,23,695,Expert,519,
Solar System Disco,太陽系デスコ,23.0,23,1018,Expert,360,
DSCF,妄想感傷代償連盟,23.0,23,908,Expert,194,
Koufukukei,幸福刑,23.0,23,773,Expert,630,
Yuke,征け,23.0,23,701,Expert,600,
Shinpaku Pairing,心拍ペアリング,23.0,23,575,Expert,382,
Heartbeat #0822,心拍数♯0822,23.0,23,675,Expert,155,
Love is War,恋は戦争,23.0,23,1081,Expert,365,
Because You're Here,愛されなくても君がいる,23.0,23,914,Expert,108,
Tabi ni Kaeru,旅に帰る,23.0,23,670,Expert,742,
Clear and Serene,明鏡止水,23.0,23,728,Expert,481,
Hoshizora Orchestra,星空オーケストラ,23.0,23,1057,Expert,282,
Shinkai Shoujo,深海少女,23.0,23,867,Expert,258,
Blazing,烈火,23.0,23,786,Expert,497,
hot wind,熱風,23.0,23,871,Expert,489,
DUNE,砂の惑星,23.0,23,873,Expert,219,
Coral,箱庭のコラル,23.0,23,862,Expert,324,
Uka,羽歌,23.0,23,714,Expert,740,
Noten,脳天,23.0,23,901,Expert,545,
Hollow,虚ろを扇ぐ,23.0,23,908,Expert,280,
City,街,23.0,23,668,Expert,217,
Aun no Beats,阿吽のビーツ,23.0,23,802,Expert,245,
Hidamari no Setsuna,陽だまりのセツナ,23.0,23,932,Expert,314,
Before the Snow Melts.,雪がとける前に,23.0,23,618,Expert,613,
Karma,,23.0,23,920,Expert,599,
New Worlds,,23.0,23,973,Expert,673,
Plaything,,23.0,23,713,Expert,535,
Ten Thousand Stars,,23.0,23,835,Expert,453,
Thousand Little Voices,,23.0,23,749,Expert,528,
Unsung Melodies,,23.0,23,615,Expert,419,
Passion at 25:00,25時の情熱,22.0,22,625,Expert,409,
glow,glow,22.0,22,875,Expert,339,
Packaged,Packaged,22.0,22,739,Expert,604,
SAIRAI,SAIRAI,22.0,22,601,Expert,747,
Tell Your World,Tell Your World,22.0,22,961,Expert,1,
Love material,アイノマテリアル,22.0,22,643,Expert,144,
Astronauts,アストロノーツ,22.0,22,468,Expert,792,
Achikochi Date-san,あちこちデートさん,22.0,22,693,Expert,516,
Ayano no Koufuku Riron,アヤノの幸福理論,22.0,22,552,Expert,752,
Ichi Ni no San de,いちにのさんで,22.0,22,595,Expert,292,
Kanadetomosusora,カナデトモスソラ,22.0,22,522,Expert,149,
Strata de Machiawase,ストラタでまちあわせ,22.0,22,441,Expert,738,
The Light That Dwells Here,そこに在る、光。,22.0,22,403,Expert,564,
Sono E no Namae wa,その絵の名前は,22.0,22,514,Expert,597,
Sorega Anata No Shiawase To Shitemo,それがあなたの幸せとしても,22.0,22,615,Expert,294,
Twilight Light,トワイライトライト,22.0,22,520,Expert,384,
Near,ニア,22.0,22,702,Expert,73,
Hello/How Are You?,ハロ／ハワユ,22.0,22,690,Expert,66,
Meru,メリュー,22.0,22,632,Expert,218,
Rem,レム,22.0,22,460,Expert,765,
once upon a dream,ワンスアポンアドリーム,22.0,22,683,Expert,105,
Reborn,再生,22.0,22,458,Expert,142,
Kokuhaku,告白,22.0,22,565,Expert,662,
Dawn and Fireflies,夜明けと蛍,22.0,22,691,Expert,311,
kokoronashi,心做し,22.0,22,676,Expert,358,
Love Trial,恋愛裁判,22.0,22,889,Expert,87,
Bloom in mud,泥中に咲く,22.0,22,646,Expert,270,
Hitorinbo Envy,独りんぼエンヴィー,22.0,22,544,Expert,74,
Ikiru,生きる,22.0,22,536,Expert,644,
Aioi,相生,22.0,22,879,Expert,351,
Sora ni Menjite,空に免じて,22.0,22,539,Expert,803,
Jishoumushoku,自傷無色,22.0,22,614,Expert,67,
Embellish,飾って,22.0,22,515,Expert,572,
MONSTER,,22.0,22,864,Expert,640,
Where shall we go?,Where shall we go?,21.0,21,594,Expert,338,
Anata no Sora ga Naku no Nara,あなたの空が泣くのなら,21.0,21,478,Expert,659,
Made to Order,オーダーメイド,21.0,21,480,Expert,196,
Layer Note,レイヤーノートー,21.0,21,563,Expert,532,
Yokanimotorete,余花にみとれて,21.0,21,599,Expert,500,
Kimi no Yoru wo Kure,君の夜をくれ,21.0,21,482,Expert,237,
"Sky Passing Around, Moon Rabbit",回る空うさぎ,21.0,21,607,Expert,607,
Comet Galaxy,彗星ノ銀河,21.0,21,688,Expert,526,
Sad Machine,,21.0,21,495,Expert,609,